idDivision	taula	codi	serie	periode	valor
2041	Cens d'electors nacional	0110010100010001	Cens d'electors nacional	2009	20298
2041	Cens d'electors nacional	0110010100010001	Cens d'electors nacional	2011	21852
2041	Cens d'electors nacional	0110010100010001	Cens d'electors nacional	2015	24512
2041	Cens d'electors nacional	0110010100010001	Cens d'electors nacional	2019	27278
2041	Cens d'electors nacional	0110010100010001	Cens d'electors nacional	2023	29958
2042	Cens d'electors nacional per parròquia	0110010100020001	Cens d'electors nacional per parròquia. Canillo	2009	750
2042	Cens d'electors nacional per parròquia	0110010100020001	Cens d'electors nacional per parròquia. Canillo	2011	794
2042	Cens d'electors nacional per parròquia	0110010100020001	Cens d'electors nacional per parròquia. Canillo	2015	908
2042	Cens d'electors nacional per parròquia	0110010100020001	Cens d'electors nacional per parròquia. Canillo	2019	1003
2042	Cens d'electors nacional per parròquia	0110010100020001	Cens d'electors nacional per parròquia. Canillo	2023	1199
2042	Cens d'electors nacional per parròquia	0110010100020002	Cens d'electors nacional per parròquia. Encamp	2009	2793
2042	Cens d'electors nacional per parròquia	0110010100020002	Cens d'electors nacional per parròquia. Encamp	2011	3004
2042	Cens d'electors nacional per parròquia	0110010100020002	Cens d'electors nacional per parròquia. Encamp	2015	3374
2042	Cens d'electors nacional per parròquia	0110010100020002	Cens d'electors nacional per parròquia. Encamp	2019	3928
2042	Cens d'electors nacional per parròquia	0110010100020002	Cens d'electors nacional per parròquia. Encamp	2023	4341
2042	Cens d'electors nacional per parròquia	0110010100020003	Cens d'electors nacional per parròquia. Ordino	2009	1200
2042	Cens d'electors nacional per parròquia	0110010100020003	Cens d'electors nacional per parròquia. Ordino	2011	1379
2042	Cens d'electors nacional per parròquia	0110010100020003	Cens d'electors nacional per parròquia. Ordino	2015	1586
2042	Cens d'electors nacional per parròquia	0110010100020003	Cens d'electors nacional per parròquia. Ordino	2019	1753
2042	Cens d'electors nacional per parròquia	0110010100020003	Cens d'electors nacional per parròquia. Ordino	2023	1903
2042	Cens d'electors nacional per parròquia	0110010100020004	Cens d'electors nacional per parròquia. La Massana	2009	2104
2042	Cens d'electors nacional per parròquia	0110010100020004	Cens d'electors nacional per parròquia. La Massana	2011	2311
2042	Cens d'electors nacional per parròquia	0110010100020004	Cens d'electors nacional per parròquia. La Massana	2015	2656
2042	Cens d'electors nacional per parròquia	0110010100020004	Cens d'electors nacional per parròquia. La Massana	2019	3067
2042	Cens d'electors nacional per parròquia	0110010100020004	Cens d'electors nacional per parròquia. La Massana	2023	3483
2042	Cens d'electors nacional per parròquia	0110010100020005	Cens d'electors nacional per parròquia. Andorra la Vella	2009	6204
2042	Cens d'electors nacional per parròquia	0110010100020005	Cens d'electors nacional per parròquia. Andorra la Vella	2011	6604
2042	Cens d'electors nacional per parròquia	0110010100020005	Cens d'electors nacional per parròquia. Andorra la Vella	2015	7372
2042	Cens d'electors nacional per parròquia	0110010100020005	Cens d'electors nacional per parròquia. Andorra la Vella	2019	8097
2042	Cens d'electors nacional per parròquia	0110010100020005	Cens d'electors nacional per parròquia. Andorra la Vella	2023	8693
2042	Cens d'electors nacional per parròquia	0110010100020006	Cens d'electors nacional per parròquia. Sant Julià de Lòria	2009	2949
2042	Cens d'electors nacional per parròquia	0110010100020006	Cens d'electors nacional per parròquia. Sant Julià de Lòria	2011	3173
2042	Cens d'electors nacional per parròquia	0110010100020006	Cens d'electors nacional per parròquia. Sant Julià de Lòria	2015	3588
2042	Cens d'electors nacional per parròquia	0110010100020006	Cens d'electors nacional per parròquia. Sant Julià de Lòria	2019	4029
2042	Cens d'electors nacional per parròquia	0110010100020006	Cens d'electors nacional per parròquia. Sant Julià de Lòria	2023	4476
2042	Cens d'electors nacional per parròquia	0110010100020007	Cens d'electors nacional per parròquia. Escaldes-Engordany	2009	4298
2042	Cens d'electors nacional per parròquia	0110010100020007	Cens d'electors nacional per parròquia. Escaldes-Engordany	2011	4587
2042	Cens d'electors nacional per parròquia	0110010100020007	Cens d'electors nacional per parròquia. Escaldes-Engordany	2015	5028
2042	Cens d'electors nacional per parròquia	0110010100020007	Cens d'electors nacional per parròquia. Escaldes-Engordany	2019	5401
2042	Cens d'electors nacional per parròquia	0110010100020007	Cens d'electors nacional per parròquia. Escaldes-Engordany	2023	5863
2042	Cens d'electors nacional per parròquia	0110010100020008	Cens d'electors nacional per parròquia. Total	2009	20298
2042	Cens d'electors nacional per parròquia	0110010100020008	Cens d'electors nacional per parròquia. Total	2011	21852
2042	Cens d'electors nacional per parròquia	0110010100020008	Cens d'electors nacional per parròquia. Total	2015	24512
2042	Cens d'electors nacional per parròquia	0110010100020008	Cens d'electors nacional per parròquia. Total	2019	27278
2042	Cens d'electors nacional per parròquia	0110010100020008	Cens d'electors nacional per parròquia. Total	2023	29958
2043	Cens d'electors nacional per sexe	0110010100030001	Cens d'electors nacional per sexe. Dona	2009	9995
2043	Cens d'electors nacional per sexe	0110010100030001	Cens d'electors nacional per sexe. Dona	2011	10772
2043	Cens d'electors nacional per sexe	0110010100030001	Cens d'electors nacional per sexe. Dona	2015	12018
2043	Cens d'electors nacional per sexe	0110010100030001	Cens d'electors nacional per sexe. Dona	2019	13409
2043	Cens d'electors nacional per sexe	0110010100030001	Cens d'electors nacional per sexe. Dona	2023	14752
2043	Cens d'electors nacional per sexe	0110010100030002	Cens d'electors nacional per sexe. Home	2009	10303
2043	Cens d'electors nacional per sexe	0110010100030002	Cens d'electors nacional per sexe. Home	2011	11080
2043	Cens d'electors nacional per sexe	0110010100030002	Cens d'electors nacional per sexe. Home	2015	12494
2043	Cens d'electors nacional per sexe	0110010100030002	Cens d'electors nacional per sexe. Home	2019	13869
2043	Cens d'electors nacional per sexe	0110010100030002	Cens d'electors nacional per sexe. Home	2023	15206
2043	Cens d'electors nacional per sexe	0110010100030003	Cens d'electors nacional per sexe. Total	2009	20298
2043	Cens d'electors nacional per sexe	0110010100030003	Cens d'electors nacional per sexe. Total	2011	21852
2043	Cens d'electors nacional per sexe	0110010100030003	Cens d'electors nacional per sexe. Total	2015	24512
2043	Cens d'electors nacional per sexe	0110010100030003	Cens d'electors nacional per sexe. Total	2019	27278
2043	Cens d'electors nacional per sexe	0110010100030003	Cens d'electors nacional per sexe. Total	2023	29958
2044	Cens d'electors nacional per edat	0110010100040001	Cens d'electors nacional per edat. 01- De 18 a 25 anys	2009	3220
2044	Cens d'electors nacional per edat	0110010100040001	Cens d'electors nacional per edat. 01- De 18 a 25 anys	2011	3490
2044	Cens d'electors nacional per edat	0110010100040001	Cens d'electors nacional per edat. 01- De 18 a 25 anys	2015	3993
2044	Cens d'electors nacional per edat	0110010100040001	Cens d'electors nacional per edat. 01- De 18 a 25 anys	2019	4488
2044	Cens d'electors nacional per edat	0110010100040001	Cens d'electors nacional per edat. 01- De 18 a 25 anys	2023	4846
2044	Cens d'electors nacional per edat	0110010100040002	Cens d'electors nacional per edat. 02- De 26 a 35 anys	2009	4627
2044	Cens d'electors nacional per edat	0110010100040002	Cens d'electors nacional per edat. 02- De 26 a 35 anys	2011	4522
2044	Cens d'electors nacional per edat	0110010100040002	Cens d'electors nacional per edat. 02- De 26 a 35 anys	2015	4377
2044	Cens d'electors nacional per edat	0110010100040002	Cens d'electors nacional per edat. 02- De 26 a 35 anys	2019	4609
2044	Cens d'electors nacional per edat	0110010100040002	Cens d'electors nacional per edat. 02- De 26 a 35 anys	2023	5137
2044	Cens d'electors nacional per edat	0110010100040003	Cens d'electors nacional per edat. 03- De 36 a 45 anys	2009	4741
2044	Cens d'electors nacional per edat	0110010100040003	Cens d'electors nacional per edat. 03- De 36 a 45 anys	2011	5101
2044	Cens d'electors nacional per edat	0110010100040003	Cens d'electors nacional per edat. 03- De 36 a 45 anys	2015	5418
2044	Cens d'electors nacional per edat	0110010100040003	Cens d'electors nacional per edat. 03- De 36 a 45 anys	2019	5298
2044	Cens d'electors nacional per edat	0110010100040003	Cens d'electors nacional per edat. 03- De 36 a 45 anys	2023	4857
2044	Cens d'electors nacional per edat	0110010100040004	Cens d'electors nacional per edat. 04- De 46 a 55 anys	2009	3073
2044	Cens d'electors nacional per edat	0110010100040004	Cens d'electors nacional per edat. 04- De 46 a 55 anys	2011	3620
2044	Cens d'electors nacional per edat	0110010100040004	Cens d'electors nacional per edat. 04- De 46 a 55 anys	2015	4530
2044	Cens d'electors nacional per edat	0110010100040004	Cens d'electors nacional per edat. 04- De 46 a 55 anys	2019	5353
2044	Cens d'electors nacional per edat	0110010100040004	Cens d'electors nacional per edat. 04- De 46 a 55 anys	2023	5865
2044	Cens d'electors nacional per edat	0110010100040005	Cens d'electors nacional per edat. 05- De 56 a 65 anys	2009	2245
2044	Cens d'electors nacional per edat	0110010100040005	Cens d'electors nacional per edat. 05- De 56 a 65 anys	2011	2428
2044	Cens d'electors nacional per edat	0110010100040005	Cens d'electors nacional per edat. 05- De 56 a 65 anys	2015	2880
2044	Cens d'electors nacional per edat	0110010100040005	Cens d'electors nacional per edat. 05- De 56 a 65 anys	2019	3535
2044	Cens d'electors nacional per edat	0110010100040005	Cens d'electors nacional per edat. 05- De 56 a 65 anys	2023	4405
2044	Cens d'electors nacional per edat	0110010100040006	Cens d'electors nacional per edat. 06- Més gran de 65 anys	2009	2392
2044	Cens d'electors nacional per edat	0110010100040006	Cens d'electors nacional per edat. 06- Més gran de 65 anys	2011	2691
2044	Cens d'electors nacional per edat	0110010100040006	Cens d'electors nacional per edat. 06- Més gran de 65 anys	2015	3314
2044	Cens d'electors nacional per edat	0110010100040006	Cens d'electors nacional per edat. 06- Més gran de 65 anys	2019	3995
2044	Cens d'electors nacional per edat	0110010100040006	Cens d'electors nacional per edat. 06- Més gran de 65 anys	2023	4848
2044	Cens d'electors nacional per edat	0110010100040007	Cens d'electors nacional per edat. Total	2009	20298
2044	Cens d'electors nacional per edat	0110010100040007	Cens d'electors nacional per edat. Total	2011	21852
2044	Cens d'electors nacional per edat	0110010100040007	Cens d'electors nacional per edat. Total	2015	24512
2044	Cens d'electors nacional per edat	0110010100040007	Cens d'electors nacional per edat. Total	2019	27278
2044	Cens d'electors nacional per edat	0110010100040007	Cens d'electors nacional per edat. Total	2023	29958
2045	Cens d'electors parroquial	0110010100080001	Cens d'electors parroquial	2011	22381
2045	Cens d'electors parroquial	0110010100080001	Cens d'electors parroquial	2015	25109
2045	Cens d'electors parroquial	0110010100080001	Cens d'electors parroquial	2019	27823
2045	Cens d'electors parroquial	0110010100080001	Cens d'electors parroquial	2023	30401
2046	Cens d'electors parroquial per parròquia	0110010100090001	Cens d'electors parroquial per parròquia. Canillo	2011	824
2046	Cens d'electors parroquial per parròquia	0110010100090001	Cens d'electors parroquial per parròquia. Canillo	2015	915
2046	Cens d'electors parroquial per parròquia	0110010100090001	Cens d'electors parroquial per parròquia. Canillo	2019	1051
2046	Cens d'electors parroquial per parròquia	0110010100090001	Cens d'electors parroquial per parròquia. Canillo	2023	1220
2046	Cens d'electors parroquial per parròquia	0110010100090002	Cens d'electors parroquial per parròquia. Encamp	2011	3073
2046	Cens d'electors parroquial per parròquia	0110010100090002	Cens d'electors parroquial per parròquia. Encamp	2015	3477
2046	Cens d'electors parroquial per parròquia	0110010100090002	Cens d'electors parroquial per parròquia. Encamp	2019	4000
2046	Cens d'electors parroquial per parròquia	0110010100090002	Cens d'electors parroquial per parròquia. Encamp	2023	4440
2046	Cens d'electors parroquial per parròquia	0110010100090003	Cens d'electors parroquial per parròquia. Ordino	2011	1418
2046	Cens d'electors parroquial per parròquia	0110010100090003	Cens d'electors parroquial per parròquia. Ordino	2015	1625
2046	Cens d'electors parroquial per parròquia	0110010100090003	Cens d'electors parroquial per parròquia. Ordino	2019	1790
2046	Cens d'electors parroquial per parròquia	0110010100090003	Cens d'electors parroquial per parròquia. Ordino	2023	1947
2046	Cens d'electors parroquial per parròquia	0110010100090004	Cens d'electors parroquial per parròquia. La Massana	2011	2373
2046	Cens d'electors parroquial per parròquia	0110010100090004	Cens d'electors parroquial per parròquia. La Massana	2015	2743
2046	Cens d'electors parroquial per parròquia	0110010100090004	Cens d'electors parroquial per parròquia. La Massana	2019	3125
2046	Cens d'electors parroquial per parròquia	0110010100090004	Cens d'electors parroquial per parròquia. La Massana	2023	3552
2046	Cens d'electors parroquial per parròquia	0110010100090005	Cens d'electors parroquial per parròquia. Andorra la Vella	2011	6782
2046	Cens d'electors parroquial per parròquia	0110010100090005	Cens d'electors parroquial per parròquia. Andorra la Vella	2015	7538
2046	Cens d'electors parroquial per parròquia	0110010100090005	Cens d'electors parroquial per parròquia. Andorra la Vella	2019	8242
2046	Cens d'electors parroquial per parròquia	0110010100090005	Cens d'electors parroquial per parròquia. Andorra la Vella	2023	8784
2046	Cens d'electors parroquial per parròquia	0110010100090006	Cens d'electors parroquial per parròquia. Sant Julià de Lòria	2011	3241
2046	Cens d'electors parroquial per parròquia	0110010100090006	Cens d'electors parroquial per parròquia. Sant Julià de Lòria	2015	3661
2046	Cens d'electors parroquial per parròquia	0110010100090006	Cens d'electors parroquial per parròquia. Sant Julià de Lòria	2019	4126
2046	Cens d'electors parroquial per parròquia	0110010100090006	Cens d'electors parroquial per parròquia. Sant Julià de Lòria	2023	4559
2046	Cens d'electors parroquial per parròquia	0110010100090007	Cens d'electors parroquial per parròquia. Escaldes-Engordany	2011	4670
2046	Cens d'electors parroquial per parròquia	0110010100090007	Cens d'electors parroquial per parròquia. Escaldes-Engordany	2015	5150
2046	Cens d'electors parroquial per parròquia	0110010100090007	Cens d'electors parroquial per parròquia. Escaldes-Engordany	2019	5489
2046	Cens d'electors parroquial per parròquia	0110010100090007	Cens d'electors parroquial per parròquia. Escaldes-Engordany	2023	5899
2046	Cens d'electors parroquial per parròquia	0110010100090008	Cens d'electors parroquial per parròquia. Total	2011	22381
2046	Cens d'electors parroquial per parròquia	0110010100090008	Cens d'electors parroquial per parròquia. Total	2015	25109
2046	Cens d'electors parroquial per parròquia	0110010100090008	Cens d'electors parroquial per parròquia. Total	2019	27823
2046	Cens d'electors parroquial per parròquia	0110010100090008	Cens d'electors parroquial per parròquia. Total	2023	30401
2047	Cens d'electors parroquial per sexe	0110010100100001	Cens d'electors parroquial per sexe. Dona	2011	11041
2047	Cens d'electors parroquial per sexe	0110010100100001	Cens d'electors parroquial per sexe. Dona	2015	12302
2047	Cens d'electors parroquial per sexe	0110010100100001	Cens d'electors parroquial per sexe. Dona	2019	13682
2047	Cens d'electors parroquial per sexe	0110010100100001	Cens d'electors parroquial per sexe. Dona	2023	14964
2047	Cens d'electors parroquial per sexe	0110010100100002	Cens d'electors parroquial per sexe. Home	2011	11340
2047	Cens d'electors parroquial per sexe	0110010100100002	Cens d'electors parroquial per sexe. Home	2015	12807
2047	Cens d'electors parroquial per sexe	0110010100100002	Cens d'electors parroquial per sexe. Home	2019	14141
2047	Cens d'electors parroquial per sexe	0110010100100002	Cens d'electors parroquial per sexe. Home	2023	15437
2047	Cens d'electors parroquial per sexe	0110010100100003	Cens d'electors parroquial per sexe. Total	2011	22381
2047	Cens d'electors parroquial per sexe	0110010100100003	Cens d'electors parroquial per sexe. Total	2015	25109
2047	Cens d'electors parroquial per sexe	0110010100100003	Cens d'electors parroquial per sexe. Total	2019	27823
2047	Cens d'electors parroquial per sexe	0110010100100003	Cens d'electors parroquial per sexe. Total	2023	30401
2048	Cens d'electors parroquial per edat	0110010100110001	Cens d'electors parroquial per edat. 01- De 18 a 25 anys	2011	3594
2048	Cens d'electors parroquial per edat	0110010100110001	Cens d'electors parroquial per edat. 01- De 18 a 25 anys	2015	4128
2048	Cens d'electors parroquial per edat	0110010100110001	Cens d'electors parroquial per edat. 01- De 18 a 25 anys	2019	4547
2048	Cens d'electors parroquial per edat	0110010100110001	Cens d'electors parroquial per edat. 01- De 18 a 25 anys	2023	4854
2048	Cens d'electors parroquial per edat	0110010100110002	Cens d'electors parroquial per edat. 02- De 26 a 35 anys	2011	4468
2048	Cens d'electors parroquial per edat	0110010100110002	Cens d'electors parroquial per edat. 02- De 26 a 35 anys	2015	4400
2048	Cens d'electors parroquial per edat	0110010100110002	Cens d'electors parroquial per edat. 02- De 26 a 35 anys	2019	4716
2048	Cens d'electors parroquial per edat	0110010100110002	Cens d'electors parroquial per edat. 02- De 26 a 35 anys	2023	5295
2048	Cens d'electors parroquial per edat	0110010100110003	Cens d'electors parroquial per edat. 03- De 36 a 45 anys	2011	5231
2048	Cens d'electors parroquial per edat	0110010100110003	Cens d'electors parroquial per edat. 03- De 36 a 45 anys	2015	5434
2048	Cens d'electors parroquial per edat	0110010100110003	Cens d'electors parroquial per edat. 03- De 36 a 45 anys	2019	5246
2048	Cens d'electors parroquial per edat	0110010100110003	Cens d'electors parroquial per edat. 03- De 36 a 45 anys	2023	4780
2048	Cens d'electors parroquial per edat	0110010100110004	Cens d'electors parroquial per edat. 04- De 46 a 55 anys	2011	3783
2048	Cens d'electors parroquial per edat	0110010100110004	Cens d'electors parroquial per edat. 04- De 46 a 55 anys	2015	4711
2048	Cens d'electors parroquial per edat	0110010100110004	Cens d'electors parroquial per edat. 04- De 46 a 55 anys	2019	5463
2048	Cens d'electors parroquial per edat	0110010100110004	Cens d'electors parroquial per edat. 04- De 46 a 55 anys	2023	5935
2048	Cens d'electors parroquial per edat	0110010100110005	Cens d'electors parroquial per edat. 05- De 56 a 65 anys	2011	2527
2048	Cens d'electors parroquial per edat	0110010100110005	Cens d'electors parroquial per edat. 05- De 56 a 65 anys	2015	2992
2048	Cens d'electors parroquial per edat	0110010100110005	Cens d'electors parroquial per edat. 05- De 56 a 65 anys	2019	3710
2048	Cens d'electors parroquial per edat	0110010100110005	Cens d'electors parroquial per edat. 05- De 56 a 65 anys	2023	4570
2048	Cens d'electors parroquial per edat	0110010100110006	Cens d'electors parroquial per edat. 06- Més gran de 65 anys	2011	2778
2048	Cens d'electors parroquial per edat	0110010100110006	Cens d'electors parroquial per edat. 06- Més gran de 65 anys	2015	3444
2048	Cens d'electors parroquial per edat	0110010100110006	Cens d'electors parroquial per edat. 06- Més gran de 65 anys	2019	4141
2048	Cens d'electors parroquial per edat	0110010100110006	Cens d'electors parroquial per edat. 06- Més gran de 65 anys	2023	4967
2048	Cens d'electors parroquial per edat	0110010100110007	Cens d'electors parroquial per edat. Total	2011	22381
2048	Cens d'electors parroquial per edat	0110010100110007	Cens d'electors parroquial per edat. Total	2015	25109
2048	Cens d'electors parroquial per edat	0110010100110007	Cens d'electors parroquial per edat. Total	2019	27823
2048	Cens d'electors parroquial per edat	0110010100110007	Cens d'electors parroquial per edat. Total	2023	30401
2051	Participació electoral nacional	0110010300010001	Participació electoral nacional	2009/04/26	15286
2051	Participació electoral nacional	0110010300010001	Participació electoral nacional	2011/04/03	16201
2051	Participació electoral nacional	0110010300010001	Participació electoral nacional	2015/03/01	16084
2051	Participació electoral nacional	0110010300010001	Participació electoral nacional	2019/04/07	18638
2051	Participació electoral nacional	0110010300010001	Participació electoral nacional	2023/04/02	20058
2052	Participació electoral nacional per parròquia	0110010300020001	Participació electoral nacional per parròquia. Canillo	2009/04/26	614
2052	Participació electoral nacional per parròquia	0110010300020001	Participació electoral nacional per parròquia. Canillo	2011/04/03	647
2052	Participació electoral nacional per parròquia	0110010300020001	Participació electoral nacional per parròquia. Canillo	2015/03/01	649
2052	Participació electoral nacional per parròquia	0110010300020001	Participació electoral nacional per parròquia. Canillo	2019/04/07	728
2052	Participació electoral nacional per parròquia	0110010300020001	Participació electoral nacional per parròquia. Canillo	2023/04/02	865
2052	Participació electoral nacional per parròquia	0110010300020002	Participació electoral nacional per parròquia. Encamp	2009/04/26	2136
2052	Participació electoral nacional per parròquia	0110010300020002	Participació electoral nacional per parròquia. Encamp	2011/04/03	2244
2052	Participació electoral nacional per parròquia	0110010300020002	Participació electoral nacional per parròquia. Encamp	2015/03/01	2180
2052	Participació electoral nacional per parròquia	0110010300020002	Participació electoral nacional per parròquia. Encamp	2019/04/07	2590
2052	Participació electoral nacional per parròquia	0110010300020002	Participació electoral nacional per parròquia. Encamp	2023/04/02	2803
2052	Participació electoral nacional per parròquia	0110010300020003	Participació electoral nacional per parròquia. Ordino	2009/04/26	1034
2052	Participació electoral nacional per parròquia	0110010300020003	Participació electoral nacional per parròquia. Ordino	2011/04/03	1128
2052	Participació electoral nacional per parròquia	0110010300020003	Participació electoral nacional per parròquia. Ordino	2015/03/01	1210
2052	Participació electoral nacional per parròquia	0110010300020003	Participació electoral nacional per parròquia. Ordino	2019/04/07	1365
2052	Participació electoral nacional per parròquia	0110010300020003	Participació electoral nacional per parròquia. Ordino	2023/04/02	1453
2052	Participació electoral nacional per parròquia	0110010300020004	Participació electoral nacional per parròquia. La Massana	2009/04/26	1680
2052	Participació electoral nacional per parròquia	0110010300020004	Participació electoral nacional per parròquia. La Massana	2011/04/03	1831
2052	Participació electoral nacional per parròquia	0110010300020004	Participació electoral nacional per parròquia. La Massana	2015/03/01	1930
2052	Participació electoral nacional per parròquia	0110010300020004	Participació electoral nacional per parròquia. La Massana	2019/04/07	2262
2052	Participació electoral nacional per parròquia	0110010300020004	Participació electoral nacional per parròquia. La Massana	2023/04/02	2488
2052	Participació electoral nacional per parròquia	0110010300020005	Participació electoral nacional per parròquia. Andorra la Vella	2009/04/26	4363
2052	Participació electoral nacional per parròquia	0110010300020005	Participació electoral nacional per parròquia. Andorra la Vella	2011/04/03	4525
2052	Participació electoral nacional per parròquia	0110010300020005	Participació electoral nacional per parròquia. Andorra la Vella	2015/03/01	4345
2052	Participació electoral nacional per parròquia	0110010300020005	Participació electoral nacional per parròquia. Andorra la Vella	2019/04/07	5092
2052	Participació electoral nacional per parròquia	0110010300020005	Participació electoral nacional per parròquia. Andorra la Vella	2023/04/02	5402
2052	Participació electoral nacional per parròquia	0110010300020006	Participació electoral nacional per parròquia. Sant Julià de Lòria	2009/04/26	2219
2052	Participació electoral nacional per parròquia	0110010300020006	Participació electoral nacional per parròquia. Sant Julià de Lòria	2011/04/03	2412
2052	Participació electoral nacional per parròquia	0110010300020006	Participació electoral nacional per parròquia. Sant Julià de Lòria	2015/03/01	2517
2052	Participació electoral nacional per parròquia	0110010300020006	Participació electoral nacional per parròquia. Sant Julià de Lòria	2019/04/07	2839
2052	Participació electoral nacional per parròquia	0110010300020006	Participació electoral nacional per parròquia. Sant Julià de Lòria	2023/04/02	3024
2052	Participació electoral nacional per parròquia	0110010300020007	Participació electoral nacional per parròquia. Escaldes-Engordany	2009/04/26	3240
2052	Participació electoral nacional per parròquia	0110010300020007	Participació electoral nacional per parròquia. Escaldes-Engordany	2011/04/03	3414
2052	Participació electoral nacional per parròquia	0110010300020007	Participació electoral nacional per parròquia. Escaldes-Engordany	2015/03/01	3253
2052	Participació electoral nacional per parròquia	0110010300020007	Participació electoral nacional per parròquia. Escaldes-Engordany	2019/04/07	3762
2052	Participació electoral nacional per parròquia	0110010300020007	Participació electoral nacional per parròquia. Escaldes-Engordany	2023/04/02	4023
2052	Participació electoral nacional per parròquia	0110010300020008	Participació electoral nacional per parròquia. Total	2009/04/26	15286
2052	Participació electoral nacional per parròquia	0110010300020008	Participació electoral nacional per parròquia. Total	2011/04/03	16201
2052	Participació electoral nacional per parròquia	0110010300020008	Participació electoral nacional per parròquia. Total	2015/03/01	16084
2052	Participació electoral nacional per parròquia	0110010300020008	Participació electoral nacional per parròquia. Total	2019/04/07	18638
2052	Participació electoral nacional per parròquia	0110010300020008	Participació electoral nacional per parròquia. Total	2023/04/02	20058
2053	Participació electoral nacional per sexe	0110010300030001	Participació electoral nacional per sexe. Dona	2009/04/26	7621
2053	Participació electoral nacional per sexe	0110010300030001	Participació electoral nacional per sexe. Dona	2011/04/03	8045
2053	Participació electoral nacional per sexe	0110010300030001	Participació electoral nacional per sexe. Dona	2015/03/01	8008
2053	Participació electoral nacional per sexe	0110010300030001	Participació electoral nacional per sexe. Dona	2019/04/07	9355
2053	Participació electoral nacional per sexe	0110010300030001	Participació electoral nacional per sexe. Dona	2023/04/02	10195
2053	Participació electoral nacional per sexe	0110010300030002	Participació electoral nacional per sexe. Home	2009/04/26	7665
2053	Participació electoral nacional per sexe	0110010300030002	Participació electoral nacional per sexe. Home	2011/04/03	8156
2053	Participació electoral nacional per sexe	0110010300030002	Participació electoral nacional per sexe. Home	2015/03/01	8076
2053	Participació electoral nacional per sexe	0110010300030002	Participació electoral nacional per sexe. Home	2019/04/07	9283
2053	Participació electoral nacional per sexe	0110010300030002	Participació electoral nacional per sexe. Home	2023/04/02	9863
2053	Participació electoral nacional per sexe	0110010300030003	Participació electoral nacional per sexe. Total	2009/04/26	15286
2053	Participació electoral nacional per sexe	0110010300030003	Participació electoral nacional per sexe. Total	2011/04/03	16201
2053	Participació electoral nacional per sexe	0110010300030003	Participació electoral nacional per sexe. Total	2015/03/01	16084
2053	Participació electoral nacional per sexe	0110010300030003	Participació electoral nacional per sexe. Total	2019/04/07	18638
2053	Participació electoral nacional per sexe	0110010300030003	Participació electoral nacional per sexe. Total	2023/04/02	20058
2054	Participació electoral nacional per edat	0110010300040001	Participació electoral nacional per edat. 01- De 18 a 25 anys	2009/04/26	1912
2054	Participació electoral nacional per edat	0110010300040001	Participació electoral nacional per edat. 01- De 18 a 25 anys	2011/04/03	2038
2054	Participació electoral nacional per edat	0110010300040001	Participació electoral nacional per edat. 01- De 18 a 25 anys	2015/03/01	1955
2054	Participació electoral nacional per edat	0110010300040001	Participació electoral nacional per edat. 01- De 18 a 25 anys	2019/04/07	2455
2054	Participació electoral nacional per edat	0110010300040001	Participació electoral nacional per edat. 01- De 18 a 25 anys	2023/04/02	2701
2054	Participació electoral nacional per edat	0110010300040002	Participació electoral nacional per edat. 02- De 26 a 35 anys	2009/04/26	3322
2054	Participació electoral nacional per edat	0110010300040002	Participació electoral nacional per edat. 02- De 26 a 35 anys	2011/04/03	3120
2054	Participació electoral nacional per edat	0110010300040002	Participació electoral nacional per edat. 02- De 26 a 35 anys	2015/03/01	2440
2054	Participació electoral nacional per edat	0110010300040002	Participació electoral nacional per edat. 02- De 26 a 35 anys	2019/04/07	2702
2054	Participació electoral nacional per edat	0110010300040002	Participació electoral nacional per edat. 02- De 26 a 35 anys	2023/04/02	3020
2054	Participació electoral nacional per edat	0110010300040003	Participació electoral nacional per edat. 03- De 36 a 45 anys	2009/04/26	3812
2054	Participació electoral nacional per edat	0110010300040003	Participació electoral nacional per edat. 03- De 36 a 45 anys	2011/04/03	4020
2054	Participació electoral nacional per edat	0110010300040003	Participació electoral nacional per edat. 03- De 36 a 45 anys	2015/03/01	3799
2054	Participació electoral nacional per edat	0110010300040003	Participació electoral nacional per edat. 03- De 36 a 45 anys	2019/04/07	3758
2054	Participació electoral nacional per edat	0110010300040003	Participació electoral nacional per edat. 03- De 36 a 45 anys	2023/04/02	3174
2054	Participació electoral nacional per edat	0110010300040004	Participació electoral nacional per edat. 04- De 46 a 55 anys	2009/04/26	2598
2054	Participació electoral nacional per edat	0110010300040004	Participació electoral nacional per edat. 04- De 46 a 55 anys	2011/04/03	3019
2054	Participació electoral nacional per edat	0110010300040004	Participació electoral nacional per edat. 04- De 46 a 55 anys	2015/03/01	3468
2054	Participació electoral nacional per edat	0110010300040004	Participació electoral nacional per edat. 04- De 46 a 55 anys	2019/04/07	4135
2054	Participació electoral nacional per edat	0110010300040004	Participació electoral nacional per edat. 04- De 46 a 55 anys	2023/04/02	4430
2054	Participació electoral nacional per edat	0110010300040005	Participació electoral nacional per edat. 05- De 56 a 65 anys	2009/04/26	1926
2054	Participació electoral nacional per edat	0110010300040005	Participació electoral nacional per edat. 05- De 56 a 65 anys	2011/04/03	2060
2054	Participació electoral nacional per edat	0110010300040005	Participació electoral nacional per edat. 05- De 56 a 65 anys	2015/03/01	2203
2054	Participació electoral nacional per edat	0110010300040005	Participació electoral nacional per edat. 05- De 56 a 65 anys	2019/04/07	2839
2054	Participació electoral nacional per edat	0110010300040005	Participació electoral nacional per edat. 05- De 56 a 65 anys	2023/04/02	3445
2054	Participació electoral nacional per edat	0110010300040006	Participació electoral nacional per edat. 06- Més gran de 65 anys	2009/04/26	1716
2054	Participació electoral nacional per edat	0110010300040006	Participació electoral nacional per edat. 06- Més gran de 65 anys	2011/04/03	1944
2054	Participació electoral nacional per edat	0110010300040006	Participació electoral nacional per edat. 06- Més gran de 65 anys	2015/03/01	2219
2054	Participació electoral nacional per edat	0110010300040006	Participació electoral nacional per edat. 06- Més gran de 65 anys	2019/04/07	2749
2054	Participació electoral nacional per edat	0110010300040006	Participació electoral nacional per edat. 06- Més gran de 65 anys	2023/04/02	3288
2054	Participació electoral nacional per edat	0110010300040007	Participació electoral nacional per edat. Total	2009/04/26	15286
2054	Participació electoral nacional per edat	0110010300040007	Participació electoral nacional per edat. Total	2011/04/03	16201
2054	Participació electoral nacional per edat	0110010300040007	Participació electoral nacional per edat. Total	2015/03/01	16084
2054	Participació electoral nacional per edat	0110010300040007	Participació electoral nacional per edat. Total	2019/04/07	18638
2054	Participació electoral nacional per edat	0110010300040007	Participació electoral nacional per edat. Total	2023/04/02	20058
2055	Participació electoral parroquial	0110010300080001	Participació electoral parroquial	2011/12/04	14497
2055	Participació electoral parroquial	0110010300080001	Participació electoral parroquial	2015/12/13	15255
2055	Participació electoral parroquial	0110010300080001	Participació electoral parroquial	2019/12/15	15728
2055	Participació electoral parroquial	0110010300080001	Participació electoral parroquial	2023/12/17	16644
2056	Participació electoral parroquial per parròquia	0110010300090001	Participació electoral parroquial per parròquia. Canillo	2011/12/04	569
2056	Participació electoral parroquial per parròquia	0110010300090001	Participació electoral parroquial per parròquia. Canillo	2015/12/13	569
2056	Participació electoral parroquial per parròquia	0110010300090001	Participació electoral parroquial per parròquia. Canillo	2019/12/15	743
2056	Participació electoral parroquial per parròquia	0110010300090001	Participació electoral parroquial per parròquia. Canillo	2023/12/17	684
2056	Participació electoral parroquial per parròquia	0110010300090002	Participació electoral parroquial per parròquia. Encamp	2011/12/04	2008
2056	Participació electoral parroquial per parròquia	0110010300090002	Participació electoral parroquial per parròquia. Encamp	2015/12/13	2148
2056	Participació electoral parroquial per parròquia	0110010300090002	Participació electoral parroquial per parròquia. Encamp	2019/12/15	2313
2056	Participació electoral parroquial per parròquia	0110010300090002	Participació electoral parroquial per parròquia. Encamp	2023/12/17	2332
2056	Participació electoral parroquial per parròquia	0110010300090003	Participació electoral parroquial per parròquia. Ordino	2011/12/04	1164
2056	Participació electoral parroquial per parròquia	0110010300090003	Participació electoral parroquial per parròquia. Ordino	2015/12/13	1240
2056	Participació electoral parroquial per parròquia	0110010300090003	Participació electoral parroquial per parròquia. Ordino	2019/12/15	1315
2056	Participació electoral parroquial per parròquia	0110010300090003	Participació electoral parroquial per parròquia. Ordino	2023/12/17	1335
2056	Participació electoral parroquial per parròquia	0110010300090004	Participació electoral parroquial per parròquia. La Massana	2011/12/04	1761
2056	Participació electoral parroquial per parròquia	0110010300090004	Participació electoral parroquial per parròquia. La Massana	2015/12/13	1891
2056	Participació electoral parroquial per parròquia	0110010300090004	Participació electoral parroquial per parròquia. La Massana	2019/12/15	1598
2056	Participació electoral parroquial per parròquia	0110010300090004	Participació electoral parroquial per parròquia. La Massana	2023/12/17	2114
2056	Participació electoral parroquial per parròquia	0110010300090005	Participació electoral parroquial per parròquia. Andorra la Vella	2011/12/04	3876
2056	Participació electoral parroquial per parròquia	0110010300090005	Participació electoral parroquial per parròquia. Andorra la Vella	2015/12/13	4002
2056	Participació electoral parroquial per parròquia	0110010300090005	Participació electoral parroquial per parròquia. Andorra la Vella	2019/12/15	4030
2056	Participació electoral parroquial per parròquia	0110010300090005	Participació electoral parroquial per parròquia. Andorra la Vella	2023/12/17	4124
2056	Participació electoral parroquial per parròquia	0110010300090006	Participació electoral parroquial per parròquia. Sant Julià de Lòria	2011/12/04	2247
2056	Participació electoral parroquial per parròquia	0110010300090006	Participació electoral parroquial per parròquia. Sant Julià de Lòria	2015/12/13	2426
2056	Participació electoral parroquial per parròquia	0110010300090006	Participació electoral parroquial per parròquia. Sant Julià de Lòria	2019/12/15	2534
2056	Participació electoral parroquial per parròquia	0110010300090006	Participació electoral parroquial per parròquia. Sant Julià de Lòria	2023/12/17	2699
2056	Participació electoral parroquial per parròquia	0110010300090007	Participació electoral parroquial per parròquia. Escaldes-Engordany	2011/12/04	2872
2056	Participació electoral parroquial per parròquia	0110010300090007	Participació electoral parroquial per parròquia. Escaldes-Engordany	2015/12/13	2979
2056	Participació electoral parroquial per parròquia	0110010300090007	Participació electoral parroquial per parròquia. Escaldes-Engordany	2019/12/15	3195
2056	Participació electoral parroquial per parròquia	0110010300090007	Participació electoral parroquial per parròquia. Escaldes-Engordany	2023/12/17	3356
2056	Participació electoral parroquial per parròquia	0110010300090008	Participació electoral parroquial per parròquia. Total	2011/12/04	14497
2056	Participació electoral parroquial per parròquia	0110010300090008	Participació electoral parroquial per parròquia. Total	2015/12/13	15255
2056	Participació electoral parroquial per parròquia	0110010300090008	Participació electoral parroquial per parròquia. Total	2019/12/15	15728
2056	Participació electoral parroquial per parròquia	0110010300090008	Participació electoral parroquial per parròquia. Total	2023/12/17	16644
2057	Participació electoral parroquial per sexe	0110010300100001	Participació electoral parroquial per sexe. Dona	2011/12/04	7251
2057	Participació electoral parroquial per sexe	0110010300100001	Participació electoral parroquial per sexe. Dona	2015/12/13	7591
2057	Participació electoral parroquial per sexe	0110010300100001	Participació electoral parroquial per sexe. Dona	2019/12/15	7932
2057	Participació electoral parroquial per sexe	0110010300100001	Participació electoral parroquial per sexe. Dona	2023/12/17	8515
2057	Participació electoral parroquial per sexe	0110010300100002	Participació electoral parroquial per sexe. Home	2011/12/04	7246
2057	Participació electoral parroquial per sexe	0110010300100002	Participació electoral parroquial per sexe. Home	2015/12/13	7664
2057	Participació electoral parroquial per sexe	0110010300100002	Participació electoral parroquial per sexe. Home	2019/12/15	7796
2057	Participació electoral parroquial per sexe	0110010300100002	Participació electoral parroquial per sexe. Home	2023/12/17	8129
2057	Participació electoral parroquial per sexe	0110010300100003	Participació electoral parroquial per sexe. Total	2011/12/04	14497
2057	Participació electoral parroquial per sexe	0110010300100003	Participació electoral parroquial per sexe. Total	2015/12/13	15255
2057	Participació electoral parroquial per sexe	0110010300100003	Participació electoral parroquial per sexe. Total	2019/12/15	15728
2057	Participació electoral parroquial per sexe	0110010300100003	Participació electoral parroquial per sexe. Total	2023/12/17	16644
2058	Participació electoral parroquial per edat	0110010300110001	Participació electoral parroquial per edat. 01- De 18 a 25 anys	2011/12/04	1622
2058	Participació electoral parroquial per edat	0110010300110001	Participació electoral parroquial per edat. 01- De 18 a 25 anys	2015/12/13	1693
2058	Participació electoral parroquial per edat	0110010300110001	Participació electoral parroquial per edat. 01- De 18 a 25 anys	2019/12/15	1721
2058	Participació electoral parroquial per edat	0110010300110001	Participació electoral parroquial per edat. 01- De 18 a 25 anys	2023/12/17	1816
2058	Participació electoral parroquial per edat	0110010300110002	Participació electoral parroquial per edat. 02- De 26 a 35 anys	2011/12/04	2566
2058	Participació electoral parroquial per edat	0110010300110002	Participació electoral parroquial per edat. 02- De 26 a 35 anys	2015/12/13	2151
2058	Participació electoral parroquial per edat	0110010300110002	Participació electoral parroquial per edat. 02- De 26 a 35 anys	2019/12/15	2028
2058	Participació electoral parroquial per edat	0110010300110002	Participació electoral parroquial per edat. 02- De 26 a 35 anys	2023/12/17	2211
2058	Participació electoral parroquial per edat	0110010300110003	Participació electoral parroquial per edat. 03- De 36 a 45 anys	2011/12/04	3630
2058	Participació electoral parroquial per edat	0110010300110003	Participació electoral parroquial per edat. 03- De 36 a 45 anys	2015/12/13	3541
2058	Participació electoral parroquial per edat	0110010300110003	Participació electoral parroquial per edat. 03- De 36 a 45 anys	2019/12/15	3023
2058	Participació electoral parroquial per edat	0110010300110003	Participació electoral parroquial per edat. 03- De 36 a 45 anys	2023/12/17	2514
2058	Participació electoral parroquial per edat	0110010300110004	Participació electoral parroquial per edat. 04- De 46 a 55 anys	2011/12/04	2882
2058	Participació electoral parroquial per edat	0110010300110004	Participació electoral parroquial per edat. 04- De 46 a 55 anys	2015/12/13	3384
2058	Participació electoral parroquial per edat	0110010300110004	Participació electoral parroquial per edat. 04- De 46 a 55 anys	2019/12/15	3656
2058	Participació electoral parroquial per edat	0110010300110004	Participació electoral parroquial per edat. 04- De 46 a 55 anys	2023/12/17	3893
2058	Participació electoral parroquial per edat	0110010300110005	Participació electoral parroquial per edat. 05- De 56 a 65 anys	2011/12/04	1967
2058	Participació electoral parroquial per edat	0110010300110005	Participació electoral parroquial per edat. 05- De 56 a 65 anys	2015/12/13	2225
2058	Participació electoral parroquial per edat	0110010300110005	Participació electoral parroquial per edat. 05- De 56 a 65 anys	2019/12/15	2669
2058	Participació electoral parroquial per edat	0110010300110005	Participació electoral parroquial per edat. 05- De 56 a 65 anys	2023/12/17	3123
2058	Participació electoral parroquial per edat	0110010300110006	Participació electoral parroquial per edat. 06- Més gran de 65 anys	2011/12/04	1830
2058	Participació electoral parroquial per edat	0110010300110006	Participació electoral parroquial per edat. 06- Més gran de 65 anys	2015/12/13	2261
2058	Participació electoral parroquial per edat	0110010300110006	Participació electoral parroquial per edat. 06- Més gran de 65 anys	2019/12/15	2631
2058	Participació electoral parroquial per edat	0110010300110006	Participació electoral parroquial per edat. 06- Més gran de 65 anys	2023/12/17	3087
2058	Participació electoral parroquial per edat	0110010300110007	Participació electoral parroquial per edat. Total	2011/12/04	14497
2058	Participació electoral parroquial per edat	0110010300110007	Participació electoral parroquial per edat. Total	2015/12/13	15255
2058	Participació electoral parroquial per edat	0110010300110007	Participació electoral parroquial per edat. Total	2019/12/15	15728
2058	Participació electoral parroquial per edat	0110010300110007	Participació electoral parroquial per edat. Total	2023/12/17	16644
