id_persona	forma	clip	absolute_start_s	absolute_end_s	prob_min	punt	proporcio	temps_rel_s	f0_hz	f1_hz	f2_hz	f3_hz	intensity_db
pa-001	evidentment	clips/pa-001__evidentment__1067.69.wav	1069.100	1069.890	0.6919	1	0.20	1.568	355.44	714.34	1101.84	2526.58	71.75
pa-001	evidentment	clips/pa-001__evidentment__1067.69.wav	1069.100	1069.890	0.6919	2	0.35	1.687		784.65	2091.79	3066.70	40.29
pa-001	evidentment	clips/pa-001__evidentment__1067.69.wav	1069.100	1069.890	0.6919	3	0.50	1.805		888.35	2041.48	3210.17	62.00
pa-001	evidentment	clips/pa-001__evidentment__1067.69.wav	1069.100	1069.890	0.6919	4	0.65	1.924	127.07	304.01	1607.03	2531.79	72.01
pa-001	evidentment	clips/pa-001__evidentment__1067.69.wav	1069.100	1069.890	0.6919	5	0.80	2.042	118.98	289.86	2011.08	3118.80	69.23
pa-002	evidentment	clips/pa-002__evidentment__205.25.wav	205.860	206.960	0.5905	1	0.20	0.830		1320.85	2130.99	3458.45	36.27
pa-002	evidentment	clips/pa-002__evidentment__205.25.wav	205.860	206.960	0.5905	2	0.35	0.995		935.39	1655.08	2957.61	33.04
pa-002	evidentment	clips/pa-002__evidentment__205.25.wav	205.860	206.960	0.5905	3	0.50	1.160	74.13	426.97	1462.09	2411.67	63.48
pa-002	evidentment	clips/pa-002__evidentment__205.25.wav	205.860	206.960	0.5905	4	0.65	1.325	69.29	385.48	1643.24	2464.95	54.73
pa-002	evidentment	clips/pa-002__evidentment__205.25.wav	205.860	206.960	0.5905	5	0.80	1.490	86.19	351.72	1282.95	2597.67	60.97
pa-003	tirar endavant	clips/pa-003__tirar-endavant__361.93.wav	362.910	363.930	0.7977	1	0.20	1.184	150.60	497.67	2224.21	2877.82	72.68
pa-003	tirar endavant	clips/pa-003__tirar-endavant__361.93.wav	362.910	363.930	0.7977	2	0.35	1.337	137.73	725.63	2112.61	2840.50	73.91
pa-003	tirar endavant	clips/pa-003__tirar-endavant__361.93.wav	362.910	363.930	0.7977	3	0.50	1.490		598.99	1996.39	3141.58	54.00
pa-003	tirar endavant	clips/pa-003__tirar-endavant__361.93.wav	362.910	363.930	0.7977	4	0.65	1.643	173.90	453.43	2346.53	2551.25	78.25
pa-003	tirar endavant	clips/pa-003__tirar-endavant__361.93.wav	362.910	363.930	0.7977	5	0.80	1.796	154.46	511.18	1948.38	2961.07	75.02
pa-004	evidentment	clips/pa-004__evidentment__522.93.wav	526.770	526.930	0.9396	1	0.20	3.872	150.23	337.32	2140.39	2791.40	52.92
pa-004	evidentment	clips/pa-004__evidentment__522.93.wav	526.770	526.930	0.9396	2	0.35	3.896	148.28	277.54	2070.03	2605.81	45.67
pa-004	evidentment	clips/pa-004__evidentment__522.93.wav	526.770	526.930	0.9396	3	0.50	3.920	155.00	340.73	2299.18	2867.39	48.91
pa-004	evidentment	clips/pa-004__evidentment__522.93.wav	526.770	526.930	0.9396	4	0.65	3.944	74.77	435.52	2051.31	2917.33	53.83
pa-004	evidentment	clips/pa-004__evidentment__522.93.wav	526.770	526.930	0.9396	5	0.80	3.968	74.76	430.42	2039.96	2875.58	53.83
pa-006	de fet	clips/pa-006__de-fet__285.25.wav	286.850	287.350	0.7151	1	0.20	1.700	119.38	352.82	1872.57	2462.68	67.76
pa-006	de fet	clips/pa-006__de-fet__285.25.wav	286.850	287.350	0.7151	2	0.35	1.775	110.82	318.70	1726.76	2435.23	66.84
pa-006	de fet	clips/pa-006__de-fet__285.25.wav	286.850	287.350	0.7151	3	0.50	1.850	106.18	344.38	1759.29	2529.74	63.20
pa-006	de fet	clips/pa-006__de-fet__285.25.wav	286.850	287.350	0.7151	4	0.65	1.925	94.90	200.81	1775.90	2550.70	58.20
pa-006	de fet	clips/pa-006__de-fet__285.25.wav	286.850	287.350	0.7151	5	0.80	2.000	99.00	284.81	1832.36	2576.92	58.19
pa-006	aleshores	clips/pa-006__aleshores__513.25.wav	513.280	513.820	0.1618	1	0.20	0.138	130.73	502.89	1754.86	3101.20	51.10
pa-006	aleshores	clips/pa-006__aleshores__513.25.wav	513.280	513.820	0.1618	2	0.35	0.219		878.81	2439.37	2811.86	41.64
pa-006	aleshores	clips/pa-006__aleshores__513.25.wav	513.280	513.820	0.1618	3	0.50	0.300		501.21	1760.96	2856.50	43.95
pa-006	aleshores	clips/pa-006__aleshores__513.25.wav	513.280	513.820	0.1618	4	0.65	0.381		1580.26	2633.15	3229.58	37.54
pa-006	aleshores	clips/pa-006__aleshores__513.25.wav	513.280	513.820	0.1618	5	0.80	0.462		1480.58	2718.32	3483.56	37.92
pa-007	a veure	clips/pa-007__a-veure__89.25.wav	90.220	90.720	0.9386	1	0.20	1.070	154.70	306.27	1331.33	2385.51	70.05
pa-007	a veure	clips/pa-007__a-veure__89.25.wav	90.220	90.720	0.9386	2	0.35	1.145	153.51	324.54	1035.00	2905.78	73.52
pa-007	a veure	clips/pa-007__a-veure__89.25.wav	90.220	90.720	0.9386	3	0.50	1.220	156.76	343.25	1318.30	2746.37	63.59
pa-007	a veure	clips/pa-007__a-veure__89.25.wav	90.220	90.720	0.9386	4	0.65	1.295	131.64	871.52	1377.44	2037.82	68.48
pa-007	a veure	clips/pa-007__a-veure__89.25.wav	90.220	90.720	0.9386	5	0.80	1.370	132.91	681.88	1469.00	2122.64	65.40
pa-007	diguem	clips/pa-007__diguem__585.25.wav	586.440	586.650	0.5012	1	0.20	1.232	174.52	189.60	1689.65	2825.58	65.59
pa-007	diguem	clips/pa-007__diguem__585.25.wav	586.440	586.650	0.5012	2	0.35	1.263	201.81	233.27	2008.18	2539.09	72.24
pa-007	diguem	clips/pa-007__diguem__585.25.wav	586.440	586.650	0.5012	3	0.50	1.295	205.34	1847.28	2529.41	4210.70	67.05
pa-007	diguem	clips/pa-007__diguem__585.25.wav	586.440	586.650	0.5012	4	0.65	1.327	311.40	316.23	1952.87	2401.59	73.93
pa-007	diguem	clips/pa-007__diguem__585.25.wav	586.440	586.650	0.5012	5	0.80	1.358	303.96	480.82	1832.85	2610.88	76.07
pa-008	a veure	clips/pa-008__a-veure__668.25.wav	670.060	670.740	0.9329	1	0.20	1.946	169.65	484.45	1660.17	2559.47	68.42
pa-008	a veure	clips/pa-008__a-veure__668.25.wav	670.060	670.740	0.9329	2	0.35	2.048	163.26	480.70	1750.09	2900.41	65.05
pa-008	a veure	clips/pa-008__a-veure__668.25.wav	670.060	670.740	0.9329	3	0.50	2.150	160.21	492.62	1769.45	3053.54	63.17
pa-008	a veure	clips/pa-008__a-veure__668.25.wav	670.060	670.740	0.9329	4	0.65	2.252	180.28	517.73	1672.01	2344.66	68.70
pa-008	a veure	clips/pa-008__a-veure__668.25.wav	670.060	670.740	0.9329	5	0.80	2.354	177.20	410.84	1190.80	3126.83	65.55
pa-008	aleshores	clips/pa-008__aleshores__1315.25.wav	1316.250	1316.720	0.3096	1	0.20	1.094		806.96	1761.00	3099.15	43.90
pa-008	aleshores	clips/pa-008__aleshores__1315.25.wav	1316.250	1316.720	0.3096	2	0.35	1.164		1308.68	1705.16	2990.68	41.82
pa-008	aleshores	clips/pa-008__aleshores__1315.25.wav	1316.250	1316.720	0.3096	3	0.50	1.235		1664.16	2363.70	3128.22	39.60
pa-008	aleshores	clips/pa-008__aleshores__1315.25.wav	1316.250	1316.720	0.3096	4	0.65	1.305		677.10	1568.18	2828.87	36.45
pa-008	aleshores	clips/pa-008__aleshores__1315.25.wav	1316.250	1316.720	0.3096	5	0.80	1.376		1265.86	2282.77	3206.34	31.47
pa-009	bé	clips/pa-009__b__557.25.wav	560.680	560.930	0.9886	1	0.20	3.480	138.69	433.24	1234.39	2523.04	64.99
pa-009	bé	clips/pa-009__b__557.25.wav	560.680	560.930	0.9886	2	0.35	3.518	178.71	438.68	1190.06	2468.60	60.11
pa-009	bé	clips/pa-009__b__557.25.wav	560.680	560.930	0.9886	3	0.50	3.555	217.49	340.48	1174.53	2388.64	55.46
pa-009	bé	clips/pa-009__b__557.25.wav	560.680	560.930	0.9886	4	0.65	3.593	120.29	495.37	1708.63	2526.39	54.48
pa-009	bé	clips/pa-009__b__557.25.wav	560.680	560.930	0.9886	5	0.80	3.630	116.49	529.92	1880.14	2555.46	53.31
pa-009	evidentment	clips/pa-009__evidentment__947.25.wav	948.160	948.930	0.4761	1	0.20	1.064	161.03	486.86	1959.88	2541.04	64.23
pa-009	evidentment	clips/pa-009__evidentment__947.25.wav	948.160	948.930	0.4761	2	0.35	1.179	192.32	322.56	2256.15	3652.32	68.02
pa-009	evidentment	clips/pa-009__evidentment__947.25.wav	948.160	948.930	0.4761	3	0.50	1.295	153.64	621.08	1772.44	2446.18	67.11
pa-009	evidentment	clips/pa-009__evidentment__947.25.wav	948.160	948.930	0.4761	4	0.65	1.410	156.15	381.46	1936.23	2591.16	61.92
pa-009	evidentment	clips/pa-009__evidentment__947.25.wav	948.160	948.930	0.4761	5	0.80	1.526	148.26	544.22	1617.93	2390.58	62.88
pa-010	clar	clips/pa-010__clar__334.85.wav	338.150	338.300	0.8078	1	0.20	3.330		1641.03	3076.81	3443.85	49.53
pa-010	clar	clips/pa-010__clar__334.85.wav	338.150	338.300	0.8078	2	0.35	3.353		1569.63	3191.35	3463.48	46.09
pa-010	clar	clips/pa-010__clar__334.85.wav	338.150	338.300	0.8078	3	0.50	3.375		1743.47	3386.13	3488.35	47.29
pa-010	clar	clips/pa-010__clar__334.85.wav	338.150	338.300	0.8078	4	0.65	3.397		516.29	2101.27	3454.02	51.15
pa-010	clar	clips/pa-010__clar__334.85.wav	338.150	338.300	0.8078	5	0.80	3.420		640.65	647.63	2594.67	59.68
pa-011	bé	clips/pa-011__b__185.57.wav	187.940	188.040	0.9981	1	0.20	2.390	181.01	511.71	1468.14	1802.77	69.16
pa-011	bé	clips/pa-011__b__185.57.wav	187.940	188.040	0.9981	2	0.35	2.405	180.25	424.92	1479.47	1864.15	71.51
pa-011	bé	clips/pa-011__b__185.57.wav	187.940	188.040	0.9981	3	0.50	2.420	179.20	387.07	1534.03	1729.77	73.40
pa-011	bé	clips/pa-011__b__185.57.wav	187.940	188.040	0.9981	4	0.65	2.435	179.48	373.49	1475.50	1874.66	73.59
pa-011	bé	clips/pa-011__b__185.57.wav	187.940	188.040	0.9981	5	0.80	2.450	180.08	389.52	1467.93	2781.73	71.55
pa-014	o sigui	clips/pa-014__o-sigui__658.45.wav	662.050	662.490	0.3085	1	0.20	3.688	137.22	339.70	2073.74	2526.23	65.70
pa-014	o sigui	clips/pa-014__o-sigui__658.45.wav	662.050	662.490	0.3085	2	0.35	3.754	116.92	396.26	2059.59	2450.25	69.31
pa-014	o sigui	clips/pa-014__o-sigui__658.45.wav	662.050	662.490	0.3085	3	0.50	3.820	130.08	453.18	1618.27	2244.02	63.83
pa-014	o sigui	clips/pa-014__o-sigui__658.45.wav	662.050	662.490	0.3085	4	0.65	3.886		535.42	1580.99	2457.75	66.58
pa-014	o sigui	clips/pa-014__o-sigui__658.45.wav	662.050	662.490	0.3085	5	0.80	3.952		1443.25	1859.13	3035.76	60.08
pa-015	doncs	clips/pa-015__doncs__83.25.wav	84.340	84.600	0.7675	1	0.20	1.142	158.40	428.66	1269.68	2719.62	78.08
pa-015	doncs	clips/pa-015__doncs__83.25.wav	84.340	84.600	0.7675	2	0.35	1.181	235.31	406.70	1039.92	2453.21	81.04
pa-015	doncs	clips/pa-015__doncs__83.25.wav	84.340	84.600	0.7675	3	0.50	1.220	248.32	363.71	849.96	2546.15	82.03
pa-015	doncs	clips/pa-015__doncs__83.25.wav	84.340	84.600	0.7675	4	0.65	1.259	243.85	567.81	1930.79	3399.62	83.14
pa-015	doncs	clips/pa-015__doncs__83.25.wav	84.340	84.600	0.7675	5	0.80	1.298		1348.14	2209.03	3566.05	74.05
pa-016	clar	clips/pa-016__clar__175.69.wav	178.240	178.690	0.7159	1	0.20	2.640	243.31	819.26	1378.82	2949.72	66.49
pa-016	clar	clips/pa-016__clar__175.69.wav	178.240	178.690	0.7159	2	0.35	2.708		621.17	1421.59	2844.16	57.97
pa-016	clar	clips/pa-016__clar__175.69.wav	178.240	178.690	0.7159	3	0.50	2.775		635.09	1456.82	2829.86	44.80
pa-016	clar	clips/pa-016__clar__175.69.wav	178.240	178.690	0.7159	4	0.65	2.842	172.17	389.20	2395.02	2994.44	68.59
pa-016	clar	clips/pa-016__clar__175.69.wav	178.240	178.690	0.7159	5	0.80	2.910	145.17	411.37	1471.37	2651.69	66.51
pa-017	clar	clips/pa-017__clar__34.45.wav	37.150	37.740	0.9178	1	0.20	2.818	189.06	554.04	974.70	2260.61	66.91
pa-017	clar	clips/pa-017__clar__34.45.wav	37.150	37.740	0.9178	2	0.35	2.907	151.36	401.67	1920.79	2895.28	59.62
pa-017	clar	clips/pa-017__clar__34.45.wav	37.150	37.740	0.9178	3	0.50	2.995	184.16	483.82	1429.77	3116.28	62.63
pa-017	clar	clips/pa-017__clar__34.45.wav	37.150	37.740	0.9178	4	0.65	3.083	219.39	544.87	1645.22	1913.09	66.84
pa-017	clar	clips/pa-017__clar__34.45.wav	37.150	37.740	0.9178	5	0.80	3.172	236.65	571.60	1464.55	3062.27	62.20
pa-017	doncs	clips/pa-017__doncs__459.25.wav	460.590	460.990	0.8353	1	0.20	1.420		1799.67	3492.04	3633.78	61.39
pa-017	doncs	clips/pa-017__doncs__459.25.wav	460.590	460.990	0.8353	2	0.35	1.480	179.96	535.93	1141.11	2932.73	77.47
pa-017	doncs	clips/pa-017__doncs__459.25.wav	460.590	460.990	0.8353	3	0.50	1.540	172.00	473.42	749.70	1516.20	71.51
pa-017	doncs	clips/pa-017__doncs__459.25.wav	460.590	460.990	0.8353	4	0.65	1.600	170.11	394.00	1744.61	3584.76	68.74
pa-017	doncs	clips/pa-017__doncs__459.25.wav	460.590	460.990	0.8353	5	0.80	1.660		630.73	1738.47	3157.62	56.66
pa-018	crec	clips/pa-018__crec__7.49.wav	8.730	9.100	0.9970	1	0.20	1.314		439.64	2378.73	2632.92	40.38
pa-018	crec	clips/pa-018__crec__7.49.wav	8.730	9.100	0.9970	2	0.35	1.369	132.37	281.23	1854.48	2425.47	66.54
pa-018	crec	clips/pa-018__crec__7.49.wav	8.730	9.100	0.9970	3	0.50	1.425	122.54	321.36	2331.46	2816.40	67.31
pa-018	crec	clips/pa-018__crec__7.49.wav	8.730	9.100	0.9970	4	0.65	1.481	115.41	314.18	1935.43	2501.85	62.38
pa-018	crec	clips/pa-018__crec__7.49.wav	8.730	9.100	0.9970	5	0.80	1.536	126.14	415.80	1837.00	2461.27	69.25
pa-018	perquè	clips/pa-018__perqu__91.09.wav	91.820	92.270	0.2842	1	0.20	0.820	101.14	416.42	1269.92	2411.30	57.22
pa-018	perquè	clips/pa-018__perqu__91.09.wav	91.820	92.270	0.2842	2	0.35	0.887	115.86	523.23	1490.10	2374.95	66.14
pa-018	perquè	clips/pa-018__perqu__91.09.wav	91.820	92.270	0.2842	3	0.50	0.955	119.13	453.61	1690.91	2254.42	65.09
pa-018	perquè	clips/pa-018__perqu__91.09.wav	91.820	92.270	0.2842	4	0.65	1.022		385.81	2027.18	2528.53	52.18
pa-018	perquè	clips/pa-018__perqu__91.09.wav	91.820	92.270	0.2842	5	0.80	1.090	119.72	433.49	2024.35	2096.31	67.25
pa-019	a nivell	clips/pa-019__a-nivell__122.25.wav	125.450	125.870	0.8382	1	0.20	3.284	75.04	584.02	1282.02	2322.61	67.11
pa-019	a nivell	clips/pa-019__a-nivell__122.25.wav	125.450	125.870	0.8382	2	0.35	3.347	75.65	603.05	1257.65	2213.22	65.90
pa-019	a nivell	clips/pa-019__a-nivell__122.25.wav	125.450	125.870	0.8382	3	0.50	3.410	61.57	590.84	1298.56	2587.43	60.45
pa-019	a nivell	clips/pa-019__a-nivell__122.25.wav	125.450	125.870	0.8382	4	0.65	3.473	84.50	613.53	1326.89	2429.19	66.96
pa-019	a nivell	clips/pa-019__a-nivell__122.25.wav	125.450	125.870	0.8382	5	0.80	3.536	86.94	352.18	1423.90	2369.95	65.32
pa-020	aviam	clips/pa-020__aviam__252.21.wav	254.590	255.110	0.1295	1	0.20	2.484		791.66	1800.17	2846.16	41.85
pa-020	aviam	clips/pa-020__aviam__252.21.wav	254.590	255.110	0.1295	2	0.35	2.562		1328.61	2216.59	3673.38	42.33
pa-020	aviam	clips/pa-020__aviam__252.21.wav	254.590	255.110	0.1295	3	0.50	2.640		757.95	2009.85	3266.70	41.27
pa-020	aviam	clips/pa-020__aviam__252.21.wav	254.590	255.110	0.1295	4	0.65	2.718		937.22	2071.86	2999.81	41.64
pa-020	aviam	clips/pa-020__aviam__252.21.wav	254.590	255.110	0.1295	5	0.80	2.796		964.91	2268.44	3237.52	40.35
pa-021	crec	clips/pa-021__crec__115.53.wav	115.710	115.970	0.9899	1	0.20	0.232		646.22	1779.51	3706.39	57.79
pa-021	crec	clips/pa-021__crec__115.53.wav	115.710	115.970	0.9899	2	0.35	0.271		556.53	1694.85	2778.72	61.62
pa-021	crec	clips/pa-021__crec__115.53.wav	115.710	115.970	0.9899	3	0.50	0.310		391.09	1340.21	2593.66	67.81
pa-021	crec	clips/pa-021__crec__115.53.wav	115.710	115.970	0.9899	4	0.65	0.349	62.09	439.50	922.96	2674.87	60.19
pa-021	crec	clips/pa-021__crec__115.53.wav	115.710	115.970	0.9899	5	0.80	0.388	78.71	477.51	1768.54	3271.68	55.53
pa-021	vull dir	clips/pa-021__vull-dir__314.29.wav	317.800	318.890	0.8193	1	0.20	3.728	113.12	331.69	1201.74	2485.36	58.63
pa-021	vull dir	clips/pa-021__vull-dir__314.29.wav	317.800	318.890	0.8193	2	0.35	3.891		274.97	1469.60	2958.60	56.27
pa-021	vull dir	clips/pa-021__vull-dir__314.29.wav	317.800	318.890	0.8193	3	0.50	4.055		357.36	1253.44	2547.91	55.72
pa-021	vull dir	clips/pa-021__vull-dir__314.29.wav	317.800	318.890	0.8193	4	0.65	4.218	120.39	283.24	1217.84	2545.02	62.41
pa-021	vull dir	clips/pa-021__vull-dir__314.29.wav	317.800	318.890	0.8193	5	0.80	4.382	154.64	409.76	722.64	2747.43	74.95
pa-022	clar	clips/pa-022__clar__107.73.wav	109.160	109.310	0.9678	1	0.20	1.460	126.50	630.55	1256.81	2673.62	71.50
pa-022	clar	clips/pa-022__clar__107.73.wav	109.160	109.310	0.9678	2	0.35	1.482	125.51	667.76	1263.75	2570.39	71.58
pa-022	clar	clips/pa-022__clar__107.73.wav	109.160	109.310	0.9678	3	0.50	1.505		673.76	1296.41	2579.60	67.38
pa-022	clar	clips/pa-022__clar__107.73.wav	109.160	109.310	0.9678	4	0.65	1.528	72.42	703.16	1216.65	2555.53	65.85
pa-022	clar	clips/pa-022__clar__107.73.wav	109.160	109.310	0.9678	5	0.80	1.550	144.41	665.82	1253.64	2529.83	66.27
pa-022	reformeta	clips/pa-022__reformeta__125.53.wav	126.330	127.230	0.9087	1	0.20	0.980		971.70	1746.07	2560.22	51.11
pa-022	reformeta	clips/pa-022__reformeta__125.53.wav	126.330	127.230	0.9087	2	0.35	1.115	135.40	213.16	1736.97	2652.93	58.99
pa-022	reformeta	clips/pa-022__reformeta__125.53.wav	126.330	127.230	0.9087	3	0.50	1.250		455.98	1697.10	2650.79	63.73
pa-022	reformeta	clips/pa-022__reformeta__125.53.wav	126.330	127.230	0.9087	4	0.65	1.385		585.94	1865.38	3130.89	56.92
pa-022	reformeta	clips/pa-022__reformeta__125.53.wav	126.330	127.230	0.9087	5	0.80	1.520	113.13	665.33	950.76	2640.76	73.33
pa-024	crec	clips/pa-024__crec__368.01.wav	368.350	369.040	0.9878	1	0.20	0.478		645.51	1475.46	2616.96	51.22
pa-024	crec	clips/pa-024__crec__368.01.wav	368.350	369.040	0.9878	2	0.35	0.582		513.69	1429.29	2555.29	32.20
pa-024	crec	clips/pa-024__crec__368.01.wav	368.350	369.040	0.9878	3	0.50	0.685		704.92	1752.34	2749.11	24.64
pa-024	crec	clips/pa-024__crec__368.01.wav	368.350	369.040	0.9878	4	0.65	0.788		512.28	1500.04	2572.66	33.68
pa-024	crec	clips/pa-024__crec__368.01.wav	368.350	369.040	0.9878	5	0.80	0.892	110.87	252.36	1412.78	2934.45	57.38
pa-025	diguem	clips/pa-025__diguem__500.89.wav	504.040	504.510	0.4147	1	0.20	3.244	114.22	344.30	2257.33	2581.92	70.01
pa-025	diguem	clips/pa-025__diguem__500.89.wav	504.040	504.510	0.4147	2	0.35	3.314	122.97	470.97	2062.90	2423.51	73.75
pa-025	diguem	clips/pa-025__diguem__500.89.wav	504.040	504.510	0.4147	3	0.50	3.385	125.02	305.72	944.40	2258.15	68.79
pa-025	diguem	clips/pa-025__diguem__500.89.wav	504.040	504.510	0.4147	4	0.65	3.456	124.86	375.93	2388.53	2697.73	68.87
pa-025	diguem	clips/pa-025__diguem__500.89.wav	504.040	504.510	0.4147	5	0.80	3.526	126.63	974.59	2335.61	3487.51	64.22
pa-026	reformeta	clips/pa-026__reformeta__138.61.wav	142.080	143.040	0.9784	1	0.20	3.662	128.53	581.26	1472.70	2065.59	69.82
pa-026	reformeta	clips/pa-026__reformeta__138.61.wav	142.080	143.040	0.9784	2	0.35	3.806		396.40	1868.42	2578.03	64.35
pa-026	reformeta	clips/pa-026__reformeta__138.61.wav	142.080	143.040	0.9784	3	0.50	3.950	135.98	486.74	1009.57	2090.96	73.56
pa-026	reformeta	clips/pa-026__reformeta__138.61.wav	142.080	143.040	0.9784	4	0.65	4.094	152.68	359.41	2018.31	2146.77	70.73
pa-026	reformeta	clips/pa-026__reformeta__138.61.wav	142.080	143.040	0.9784	5	0.80	4.238		494.04	1887.20	2808.88	53.61
pa-027	és a dir	clips/pa-027__s-a-dir__185.61.wav	187.610	188.190	0.0979	1	0.20	2.116		724.85	1216.59	2540.98	56.49
pa-027	és a dir	clips/pa-027__s-a-dir__185.61.wav	187.610	188.190	0.0979	2	0.35	2.203	115.88	722.17	1127.65	2359.38	71.31
pa-027	és a dir	clips/pa-027__s-a-dir__185.61.wav	187.610	188.190	0.0979	3	0.50	2.290	113.13	809.94	2257.49	3244.43	66.78
pa-027	és a dir	clips/pa-027__s-a-dir__185.61.wav	187.610	188.190	0.0979	4	0.65	2.377	113.20	596.75	963.93	2304.07	71.93
pa-027	és a dir	clips/pa-027__s-a-dir__185.61.wav	187.610	188.190	0.0979	5	0.80	2.464	94.10	419.78	1540.55	2711.75	58.16
pa-028	doncs	clips/pa-028__doncs__329.33.wav	329.330	329.690	0.0937	1	0.20	0.084	139.41	335.01	2049.01	2487.16	69.22
pa-028	doncs	clips/pa-028__doncs__329.33.wav	329.330	329.690	0.0937	2	0.35	0.136	152.75	344.67	1041.72	2271.20	68.97
pa-028	doncs	clips/pa-028__doncs__329.33.wav	329.330	329.690	0.0937	3	0.50	0.188	179.27	411.23	773.27	2357.53	71.39
pa-028	doncs	clips/pa-028__doncs__329.33.wav	329.330	329.690	0.0937	4	0.65	0.239	167.22	556.53	890.15	2291.81	70.81
pa-028	doncs	clips/pa-028__doncs__329.33.wav	329.330	329.690	0.0937	5	0.80	0.291	140.35	588.81	982.98	2278.80	68.59
pa-029	tirar endavant	clips/pa-029__tirar-endavant__56.73.wav	61.610	62.100	0.6249	1	0.20	4.978	93.94	802.81	1787.24	3324.82	57.54
pa-029	tirar endavant	clips/pa-029__tirar-endavant__56.73.wav	61.610	62.100	0.6249	2	0.35	5.051	96.44	381.64	1013.02	2991.85	66.13
pa-029	tirar endavant	clips/pa-029__tirar-endavant__56.73.wav	61.610	62.100	0.6249	3	0.50	5.125	98.85	551.55	1931.58	2701.23	70.40
pa-029	tirar endavant	clips/pa-029__tirar-endavant__56.73.wav	61.610	62.100	0.6249	4	0.65	5.199		509.58	1863.60	2799.96	53.07
pa-029	tirar endavant	clips/pa-029__tirar-endavant__56.73.wav	61.610	62.100	0.6249	5	0.80	5.272	96.93	449.64	1736.09	2493.59	63.65
pa-030	tirar endavant	clips/pa-030__tirar-endavant__185.61.wav	187.080	188.040	0.5971	1	0.20	1.662		569.57	1116.00	1987.61	61.17
pa-030	tirar endavant	clips/pa-030__tirar-endavant__185.61.wav	187.080	188.040	0.5971	2	0.35	1.806	106.41	294.52	1818.47	3013.51	51.58
pa-030	tirar endavant	clips/pa-030__tirar-endavant__185.61.wav	187.080	188.040	0.5971	3	0.50	1.950	111.91	559.52	1475.33	2009.28	61.25
pa-030	tirar endavant	clips/pa-030__tirar-endavant__185.61.wav	187.080	188.040	0.5971	4	0.65	2.094	113.13	316.77	1487.28	2285.13	57.61
pa-030	tirar endavant	clips/pa-030__tirar-endavant__185.61.wav	187.080	188.040	0.5971	5	0.80	2.238		768.10	1135.42	1992.54	61.63
pa-030	vull dir	clips/pa-030__vull-dir__842.69.wav	843.440	844.490	0.5334	1	0.20	0.960		801.82	1957.30	2492.69	38.35
pa-030	vull dir	clips/pa-030__vull-dir__842.69.wav	843.440	844.490	0.5334	2	0.35	1.117		798.61	1694.30	2654.01	32.82
pa-030	vull dir	clips/pa-030__vull-dir__842.69.wav	843.440	844.490	0.5334	3	0.50	1.275		851.81	2221.90	3115.51	30.51
pa-030	vull dir	clips/pa-030__vull-dir__842.69.wav	843.440	844.490	0.5334	4	0.65	1.433		798.22	1623.32	2851.27	28.27
pa-030	vull dir	clips/pa-030__vull-dir__842.69.wav	843.440	844.490	0.5334	5	0.80	1.590	133.87	163.73	2259.88	2790.24	71.02
pa-031	de fet	clips/pa-031__de-fet__9.93.wav	10.050	10.650	0.3602	1	0.20	0.240		1372.07	2447.36	3776.95	26.91
pa-031	de fet	clips/pa-031__de-fet__9.93.wav	10.050	10.650	0.3602	2	0.35	0.330		875.47	1745.40	2593.30	33.36
pa-031	de fet	clips/pa-031__de-fet__9.93.wav	10.050	10.650	0.3602	3	0.50	0.420		1159.58	1901.94	2525.72	38.79
pa-031	de fet	clips/pa-031__de-fet__9.93.wav	10.050	10.650	0.3602	4	0.65	0.510		1256.10	2698.91	2979.11	40.46
pa-031	de fet	clips/pa-031__de-fet__9.93.wav	10.050	10.650	0.3602	5	0.80	0.600		708.54	1521.30	2714.37	42.75
pa-032	bueno	clips/pa-032__bueno__44.73.wav	44.800	45.170	0.2786	1	0.20	0.144		871.90	1753.20	2972.92	31.85
pa-032	bueno	clips/pa-032__bueno__44.73.wav	44.800	45.170	0.2786	2	0.35	0.200		924.93	1975.31	2744.67	29.88
pa-032	bueno	clips/pa-032__bueno__44.73.wav	44.800	45.170	0.2786	3	0.50	0.255		826.35	1587.18	2775.46	31.06
pa-032	bueno	clips/pa-032__bueno__44.73.wav	44.800	45.170	0.2786	4	0.65	0.310		893.25	1308.97	2638.99	30.06
pa-032	bueno	clips/pa-032__bueno__44.73.wav	44.800	45.170	0.2786	5	0.80	0.366		795.57	1794.61	2970.07	31.62
pa-032	aleshores	clips/pa-032__aleshores__79.09.wav	81.340	82.120	0.1872	1	0.20	2.406	107.21	829.62	2393.23	3608.26	63.52
pa-032	aleshores	clips/pa-032__aleshores__79.09.wav	81.340	82.120	0.1872	2	0.35	2.523	116.26	527.44	1203.83	2267.40	74.16
pa-032	aleshores	clips/pa-032__aleshores__79.09.wav	81.340	82.120	0.1872	3	0.50	2.640	107.16	436.26	1502.39	2267.47	68.98
pa-032	aleshores	clips/pa-032__aleshores__79.09.wav	81.340	82.120	0.1872	4	0.65	2.757	113.53	393.91	1836.59	3099.48	56.40
pa-032	aleshores	clips/pa-032__aleshores__79.09.wav	81.340	82.120	0.1872	5	0.80	2.874		532.03	1806.19	3236.77	40.60
pa-033	de fet	clips/pa-033__de-fet__249.69.wav	250.620	251.040	0.6256	1	0.20	1.014	126.29	342.39	2199.98	2994.80	65.54
pa-033	de fet	clips/pa-033__de-fet__249.69.wav	250.620	251.040	0.6256	2	0.35	1.077	131.62	358.02	2024.76	2390.70	70.22
pa-033	de fet	clips/pa-033__de-fet__249.69.wav	250.620	251.040	0.6256	3	0.50	1.140	116.74	459.86	1750.71	2425.34	70.12
pa-033	de fet	clips/pa-033__de-fet__249.69.wav	250.620	251.040	0.6256	4	0.65	1.203	93.18	396.02	1768.22	2546.61	56.80
pa-033	de fet	clips/pa-033__de-fet__249.69.wav	250.620	251.040	0.6256	5	0.80	1.266	174.97	474.71	1225.86	2322.11	72.07
pa-034	a veure	clips/pa-034__a-veure__94.05.wav	96.370	97.050	0.3355	1	0.20	2.456		585.76	1700.10	2512.48	44.56
pa-034	a veure	clips/pa-034__a-veure__94.05.wav	96.370	97.050	0.3355	2	0.35	2.558	149.95	872.79	1844.47	2996.34	55.20
pa-034	a veure	clips/pa-034__a-veure__94.05.wav	96.370	97.050	0.3355	3	0.50	2.660	134.20	533.51	2156.77	2815.35	64.45
pa-034	a veure	clips/pa-034__a-veure__94.05.wav	96.370	97.050	0.3355	4	0.65	2.762		815.87	1459.53	2213.15	52.94
pa-034	a veure	clips/pa-034__a-veure__94.05.wav	96.370	97.050	0.3355	5	0.80	2.864	92.49	796.91	1730.76	2964.46	61.98
pa-034	diguem	clips/pa-034__diguem__504.45.wav	506.450	506.830	0.3271	1	0.20	2.076	131.88	380.45	2747.18	2997.36	63.01
pa-034	diguem	clips/pa-034__diguem__504.45.wav	506.450	506.830	0.3271	2	0.35	2.133	133.50	379.53	2514.31	2956.10	61.57
pa-034	diguem	clips/pa-034__diguem__504.45.wav	506.450	506.830	0.3271	3	0.50	2.190	134.87	568.38	2288.86	2860.31	61.74
pa-034	diguem	clips/pa-034__diguem__504.45.wav	506.450	506.830	0.3271	4	0.65	2.247	124.48	287.48	1516.34	2850.07	61.73
pa-034	diguem	clips/pa-034__diguem__504.45.wav	506.450	506.830	0.3271	5	0.80	2.304	141.43	290.06	1534.42	2620.30	59.47
pa-036	evidentment	clips/pa-036__evidentment__202.85.wav	207.770	208.410	0.3747	1	0.20	5.048	93.07	360.59	1879.93	2549.22	68.54
pa-036	evidentment	clips/pa-036__evidentment__202.85.wav	207.770	208.410	0.3747	2	0.35	5.144	85.48	432.45	1620.80	2528.13	69.19
pa-036	evidentment	clips/pa-036__evidentment__202.85.wav	207.770	208.410	0.3747	3	0.50	5.240	91.40	516.06	1693.08	2505.07	65.39
pa-036	evidentment	clips/pa-036__evidentment__202.85.wav	207.770	208.410	0.3747	4	0.65	5.336	96.06	372.77	1751.54	2585.94	63.33
pa-036	evidentment	clips/pa-036__evidentment__202.85.wav	207.770	208.410	0.3747	5	0.80	5.432	94.57	361.58	1221.78	2383.62	60.03
pa-036	a nivell	clips/pa-036__a-nivell__386.45.wav	393.900	394.490	0.8840	1	0.20	7.568	92.12	366.08	1944.40	2399.95	66.58
pa-036	a nivell	clips/pa-036__a-nivell__386.45.wav	393.900	394.490	0.8840	2	0.35	7.656	87.35	338.05	1799.00	2336.15	67.18
pa-036	a nivell	clips/pa-036__a-nivell__386.45.wav	393.900	394.490	0.8840	3	0.50	7.745	91.45	435.02	1934.11	2583.72	69.08
pa-036	a nivell	clips/pa-036__a-nivell__386.45.wav	393.900	394.490	0.8840	4	0.65	7.833	97.17	353.77	1873.86	2491.62	61.19
pa-036	a nivell	clips/pa-036__a-nivell__386.45.wav	393.900	394.490	0.8840	5	0.80	7.922		601.18	1848.43	2598.60	38.97
pa-038	vull dir	clips/pa-038__vull-dir__1576.57.wav	1580.260	1581.010	0.6515	1	0.20	3.840		621.25	1427.95	2882.02	42.03
pa-038	vull dir	clips/pa-038__vull-dir__1576.57.wav	1580.260	1581.010	0.6515	2	0.35	3.953		929.03	2090.78	2926.40	33.41
pa-038	vull dir	clips/pa-038__vull-dir__1576.57.wav	1580.260	1581.010	0.6515	3	0.50	4.065		863.48	1894.22	2868.83	32.78
pa-038	vull dir	clips/pa-038__vull-dir__1576.57.wav	1580.260	1581.010	0.6515	4	0.65	4.178	262.37	326.92	1726.49	2932.69	54.10
pa-038	vull dir	clips/pa-038__vull-dir__1576.57.wav	1580.260	1581.010	0.6515	5	0.80	4.290		714.53	2279.38	3175.39	55.41
pa-038	reformeta	clips/pa-038__reformeta__1821.69.wav	1824.920	1825.660	0.9914	1	0.20	3.378	226.87	391.59	771.86	2366.77	70.66
pa-038	reformeta	clips/pa-038__reformeta__1821.69.wav	1824.920	1825.660	0.9914	2	0.35	3.489	214.01	538.07	1917.79	3048.55	70.78
pa-038	reformeta	clips/pa-038__reformeta__1821.69.wav	1824.920	1825.660	0.9914	3	0.50	3.600		581.68	1764.63	3012.67	66.91
pa-038	reformeta	clips/pa-038__reformeta__1821.69.wav	1824.920	1825.660	0.9914	4	0.65	3.711	64.76	530.39	1700.32	2981.31	57.69
pa-038	reformeta	clips/pa-038__reformeta__1821.69.wav	1824.920	1825.660	0.9914	5	0.80	3.822	209.16	336.02	1883.92	3206.16	62.15
pa-040	de fet	clips/pa-040__de-fet__70.17.wav	72.200	72.230	0.6490	1	0.20	2.036	85.55	377.84	1741.48	2348.47	66.13
pa-040	de fet	clips/pa-040__de-fet__70.17.wav	72.200	72.230	0.6490	2	0.35	2.040	84.27	351.70	1776.20	2411.69	64.87
pa-040	de fet	clips/pa-040__de-fet__70.17.wav	72.200	72.230	0.6490	3	0.50	2.045	83.35	346.24	1717.57	2526.09	63.70
pa-040	de fet	clips/pa-040__de-fet__70.17.wav	72.200	72.230	0.6490	4	0.65	2.050	82.17	299.43	1726.82	3112.70	62.63
pa-040	de fet	clips/pa-040__de-fet__70.17.wav	72.200	72.230	0.6490	5	0.80	2.054	81.15	267.84	1677.72	2850.27	61.55
pa-041	vull dir	clips/pa-041__vull-dir__264.25.wav	264.540	265.380	0.2244	1	0.20	0.458	197.47	442.02	1236.33	2620.92	66.18
pa-041	vull dir	clips/pa-041__vull-dir__264.25.wav	264.540	265.380	0.2244	2	0.35	0.584	208.96	598.68	2246.88	2902.41	69.85
pa-041	vull dir	clips/pa-041__vull-dir__264.25.wav	264.540	265.380	0.2244	3	0.50	0.710	205.19	448.91	1802.64	2686.73	66.56
pa-041	vull dir	clips/pa-041__vull-dir__264.25.wav	264.540	265.380	0.2244	4	0.65	0.836	239.79	395.68	1837.72	2785.95	67.38
pa-041	vull dir	clips/pa-041__vull-dir__264.25.wav	264.540	265.380	0.2244	5	0.80	0.962	208.58	463.22	1362.43	2521.82	52.24
pa-041	ensenyança	clips/pa-041__ensenyan-a__523.25.wav	530.250	530.250	0.5361	1	0.20	7.002		670.40	1792.74	2838.88	55.78
pa-041	ensenyança	clips/pa-041__ensenyan-a__523.25.wav	530.250	530.250	0.5361	2	0.35	7.003		673.53	1792.80	2840.84	55.52
pa-041	ensenyança	clips/pa-041__ensenyan-a__523.25.wav	530.250	530.250	0.5361	3	0.50	7.005		680.74	1795.56	2846.72	55.36
pa-041	ensenyança	clips/pa-041__ensenyan-a__523.25.wav	530.250	530.250	0.5361	4	0.65	7.006		687.95	1798.31	2852.60	55.29
pa-041	ensenyança	clips/pa-041__ensenyan-a__523.25.wav	530.250	530.250	0.5361	5	0.80	7.008		695.76	1791.62	2860.22	55.30
pa-042	perquè	clips/pa-042__perqu__29.13.wav	31.230	31.570	0.5302	1	0.20	2.168	274.66	516.91	1271.71	2324.21	70.68
pa-042	perquè	clips/pa-042__perqu__29.13.wav	31.230	31.570	0.5302	2	0.35	2.219	280.11	597.07	1361.81	2609.24	57.14
pa-042	perquè	clips/pa-042__perqu__29.13.wav	31.230	31.570	0.5302	3	0.50	2.270	269.20	552.95	2056.07	2755.30	69.93
pa-042	perquè	clips/pa-042__perqu__29.13.wav	31.230	31.570	0.5302	4	0.65	2.321	229.27	458.39	1474.30	2787.22	59.36
pa-042	perquè	clips/pa-042__perqu__29.13.wav	31.230	31.570	0.5302	5	0.80	2.372	260.80	533.90	2121.84	2834.45	70.12
pa-043	crec	clips/pa-043__crec__102.25.wav	107.250	107.490	0.9936	1	0.20	5.048		557.46	1633.87	2288.58	59.51
pa-043	crec	clips/pa-043__crec__102.25.wav	107.250	107.490	0.9936	2	0.35	5.084		627.25	1800.30	2341.36	60.38
pa-043	crec	clips/pa-043__crec__102.25.wav	107.250	107.490	0.9936	3	0.50	5.120	173.25	700.69	1837.18	2600.09	60.06
pa-043	crec	clips/pa-043__crec__102.25.wav	107.250	107.490	0.9936	4	0.65	5.156	113.33	735.02	1800.45	2319.21	61.44
pa-043	crec	clips/pa-043__crec__102.25.wav	107.250	107.490	0.9936	5	0.80	5.192		575.81	1790.51	2719.03	56.28
pa-045	evidentment	clips/pa-045__evidentment__290.13.wav	291.130	291.880	0.5521	1	0.20	1.150	69.85	365.59	1300.15	2375.39	60.37
pa-045	evidentment	clips/pa-045__evidentment__290.13.wav	291.130	291.880	0.5521	2	0.35	1.262	80.20	499.14	1741.17	2254.81	68.33
pa-045	evidentment	clips/pa-045__evidentment__290.13.wav	291.130	291.880	0.5521	3	0.50	1.375	76.71	370.18	1429.43	2213.07	61.49
pa-045	evidentment	clips/pa-045__evidentment__290.13.wav	291.130	291.880	0.5521	4	0.65	1.488	72.57	545.44	1431.06	2040.14	63.80
pa-045	evidentment	clips/pa-045__evidentment__290.13.wav	291.130	291.880	0.5521	5	0.80	1.600	73.10	560.09	1409.37	2078.95	62.88
pa-046	diguem	clips/pa-046__diguem__626.01.wav	627.990	628.420	0.3353	1	0.20	2.066		689.55	1902.63	3852.03	56.36
pa-046	diguem	clips/pa-046__diguem__626.01.wav	627.990	628.420	0.3353	2	0.35	2.131		814.69	1910.40	2504.48	53.59
pa-046	diguem	clips/pa-046__diguem__626.01.wav	627.990	628.420	0.3353	3	0.50	2.195	118.35	399.98	1432.10	2456.83	64.28
pa-046	diguem	clips/pa-046__diguem__626.01.wav	627.990	628.420	0.3353	4	0.65	2.260	122.35	398.42	1694.60	2568.02	66.24
pa-046	diguem	clips/pa-046__diguem__626.01.wav	627.990	628.420	0.3353	5	0.80	2.324	121.43	391.88	1568.30	2480.64	64.34
pa-048	crec	clips/pa-048__crec__110.97.wav	113.460	113.580	0.9820	1	0.20	2.514		666.15	1567.99	2851.74	59.24
pa-048	crec	clips/pa-048__crec__110.97.wav	113.460	113.580	0.9820	2	0.35	2.532	140.31	669.95	1549.49	3116.68	61.54
pa-048	crec	clips/pa-048__crec__110.97.wav	113.460	113.580	0.9820	3	0.50	2.550	139.53	651.98	1617.43	3157.88	63.32
pa-048	crec	clips/pa-048__crec__110.97.wav	113.460	113.580	0.9820	4	0.65	2.568	139.45	601.99	1571.25	2627.56	66.04
pa-048	crec	clips/pa-048__crec__110.97.wav	113.460	113.580	0.9820	5	0.80	2.586	137.60	544.69	1722.32	2571.90	67.26
pa-048	a nivell	clips/pa-048__a-nivell__435.77.wav	439.570	440.010	0.3484	1	0.20	3.888	175.20	356.70	1668.07	2690.93	62.95
pa-048	a nivell	clips/pa-048__a-nivell__435.77.wav	439.570	440.010	0.3484	2	0.35	3.954	163.71	362.08	1966.64	2673.56	65.47
pa-048	a nivell	clips/pa-048__a-nivell__435.77.wav	439.570	440.010	0.3484	3	0.50	4.020	169.69	401.68	1882.96	2824.58	64.31
pa-048	a nivell	clips/pa-048__a-nivell__435.77.wav	439.570	440.010	0.3484	4	0.65	4.086	167.08	481.46	1954.16	3006.98	63.63
pa-048	a nivell	clips/pa-048__a-nivell__435.77.wav	439.570	440.010	0.3484	5	0.80	4.152	167.95	363.32	1670.02	2275.03	62.61
pa-049	a veure	clips/pa-049__a-veure__244.85.wav	253.270	253.450	0.5898	1	0.20	7.167					
pa-049	a veure	clips/pa-049__a-veure__244.85.wav	253.270	253.450	0.5898	2	0.35	7.168					
pa-049	a veure	clips/pa-049__a-veure__244.85.wav	253.270	253.450	0.5898	3	0.50	7.170					
pa-049	a veure	clips/pa-049__a-veure__244.85.wav	253.270	253.450	0.5898	4	0.65	7.171					
pa-049	a veure	clips/pa-049__a-veure__244.85.wav	253.270	253.450	0.5898	5	0.80	7.173					
pa-051	crec	clips/pa-051__crec__208.57.wav	208.690	208.940	0.9472	1	0.20	0.170	110.10	799.01	1677.39	3092.11	67.78
pa-051	crec	clips/pa-051__crec__208.57.wav	208.690	208.940	0.9472	2	0.35	0.207	109.38	535.00	1663.20	2918.38	67.70
pa-051	crec	clips/pa-051__crec__208.57.wav	208.690	208.940	0.9472	3	0.50	0.245	109.38	479.98	1603.08	2520.11	67.66
pa-051	crec	clips/pa-051__crec__208.57.wav	208.690	208.940	0.9472	4	0.65	0.282	110.08	503.40	1684.12	2346.06	67.66
pa-051	crec	clips/pa-051__crec__208.57.wav	208.690	208.940	0.9472	5	0.80	0.320		668.84	1626.58	3341.98	68.71
pa-053	perquè	clips/pa-053__perqu__113.93.wav	115.930	116.640	0.4895	1	0.20	2.142	101.61	493.93	2010.18	3025.11	67.14
pa-053	perquè	clips/pa-053__perqu__113.93.wav	115.930	116.640	0.4895	2	0.35	2.248		546.00	1974.03	2885.90	62.94
pa-053	perquè	clips/pa-053__perqu__113.93.wav	115.930	116.640	0.4895	3	0.50	2.355	109.22	1133.34	1743.32	3151.71	61.33
pa-053	perquè	clips/pa-053__perqu__113.93.wav	115.930	116.640	0.4895	4	0.65	2.462		693.66	1673.96	2948.05	56.05
pa-053	perquè	clips/pa-053__perqu__113.93.wav	115.930	116.640	0.4895	5	0.80	2.568	109.74	668.37	1728.57	2873.33	56.28
pa-054	bueno	clips/pa-054__bueno__51.69.wav	52.480	52.600	0.9223	1	0.20	0.814	216.62	314.86	1701.97	2737.02	70.18
pa-054	bueno	clips/pa-054__bueno__51.69.wav	52.480	52.600	0.9223	2	0.35	0.832	192.31	352.91	2276.44	3553.96	74.47
pa-054	bueno	clips/pa-054__bueno__51.69.wav	52.480	52.600	0.9223	3	0.50	0.850	173.35	366.11	2284.68	3414.67	75.48
pa-054	bueno	clips/pa-054__bueno__51.69.wav	52.480	52.600	0.9223	4	0.65	0.868	165.46	357.94	2336.59	3416.43	76.69
pa-054	bueno	clips/pa-054__bueno__51.69.wav	52.480	52.600	0.9223	5	0.80	0.886	165.19	343.49	2337.92	3520.12	78.00
pa-055	reformeta	clips/pa-055__reformeta__139.05.wav	141.900	142.850	0.9761	1	0.20	3.040	147.45	475.82	1711.21	2267.03	73.40
pa-055	reformeta	clips/pa-055__reformeta__139.05.wav	141.900	142.850	0.9761	2	0.35	3.183	128.76	601.33	1436.26	2058.11	70.45
pa-055	reformeta	clips/pa-055__reformeta__139.05.wav	141.900	142.850	0.9761	3	0.50	3.325		368.71	1818.78	2634.03	65.95
pa-055	reformeta	clips/pa-055__reformeta__139.05.wav	141.900	142.850	0.9761	4	0.65	3.467	137.96	484.20	981.71	2230.31	74.65
pa-055	reformeta	clips/pa-055__reformeta__139.05.wav	141.900	142.850	0.9761	5	0.80	3.610	147.27	343.00	1785.29	2242.81	69.41
pa-056	vull dir	clips/pa-056__vull-dir__842.65.wav	843.400	844.450	0.6352	1	0.20	0.960		765.06	1857.47	2435.97	38.57
pa-056	vull dir	clips/pa-056__vull-dir__842.65.wav	843.400	844.450	0.6352	2	0.35	1.117		858.28	1678.01	2651.77	33.14
pa-056	vull dir	clips/pa-056__vull-dir__842.65.wav	843.400	844.450	0.6352	3	0.50	1.275		794.29	1998.16	2520.05	30.80
pa-056	vull dir	clips/pa-056__vull-dir__842.65.wav	843.400	844.450	0.6352	4	0.65	1.433		867.62	1987.12	2584.37	28.27
pa-056	vull dir	clips/pa-056__vull-dir__842.65.wav	843.400	844.450	0.6352	5	0.80	1.590	134.23	166.28	2049.06	2795.79	70.13
pa-057	tirar endavant	clips/pa-057__tirar-endavant__56.61.wav	61.760	62.410	0.6046	1	0.20	5.280		469.95	1831.91	2757.42	53.13
pa-057	tirar endavant	clips/pa-057__tirar-endavant__56.61.wav	61.760	62.410	0.6046	2	0.35	5.378	95.31	549.90	1623.28	2490.93	63.27
pa-057	tirar endavant	clips/pa-057__tirar-endavant__56.61.wav	61.760	62.410	0.6046	3	0.50	5.475		289.91	1528.73	2699.95	54.74
pa-057	tirar endavant	clips/pa-057__tirar-endavant__56.61.wav	61.760	62.410	0.6046	4	0.65	5.572		686.33	1320.46	3001.67	51.43
pa-057	tirar endavant	clips/pa-057__tirar-endavant__56.61.wav	61.760	62.410	0.6046	5	0.80	5.670		961.43	1346.20	2740.21	57.03
pa-058	perquè	clips/pa-058__perqu__91.09.wav	92.620	92.980	0.9219	1	0.20	1.602	129.24	267.79	1352.06	2349.65	67.76
pa-058	perquè	clips/pa-058__perqu__91.09.wav	92.620	92.980	0.9219	2	0.35	1.656	144.79	502.26	1022.67	2429.31	74.60
pa-058	perquè	clips/pa-058__perqu__91.09.wav	92.620	92.980	0.9219	3	0.50	1.710	144.46	422.72	756.12	2439.10	72.53
pa-058	perquè	clips/pa-058__perqu__91.09.wav	92.620	92.980	0.9219	4	0.65	1.764		339.93	1017.91	2373.90	55.09
pa-058	perquè	clips/pa-058__perqu__91.09.wav	92.620	92.980	0.9219	5	0.80	1.818	146.06	411.74	1752.37	2995.95	56.54
pa-059	clar	clips/pa-059__clar__36.61.wav	38.190	38.340	0.9126	1	0.20	1.610	179.34	647.67	1484.69	1813.16	71.00
pa-059	clar	clips/pa-059__clar__36.61.wav	38.190	38.340	0.9126	2	0.35	1.633	179.08	801.40	1760.54	3052.76	72.05
pa-059	clar	clips/pa-059__clar__36.61.wav	38.190	38.340	0.9126	3	0.50	1.655	186.88	850.76	1640.31	3046.10	70.24
pa-059	clar	clips/pa-059__clar__36.61.wav	38.190	38.340	0.9126	4	0.65	1.677	200.37	831.42	1592.25	3000.52	68.60
pa-059	clar	clips/pa-059__clar__36.61.wav	38.190	38.340	0.9126	5	0.80	1.700	222.92	856.19	1546.08	2954.69	66.16
pa-060	de fet	clips/pa-060__de-fet__72.57.wav	76.570	77.420	0.3825	1	0.20	4.170	140.57	575.87	1701.86	2190.70	71.30
pa-060	de fet	clips/pa-060__de-fet__72.57.wav	76.570	77.420	0.3825	2	0.35	4.297	139.46	601.60	2027.31	2350.28	68.67
pa-060	de fet	clips/pa-060__de-fet__72.57.wav	76.570	77.420	0.3825	3	0.50	4.425		656.53	1927.28	3050.90	53.09
pa-060	de fet	clips/pa-060__de-fet__72.57.wav	76.570	77.420	0.3825	4	0.65	4.553		441.11	1717.55	2686.55	64.99
pa-060	de fet	clips/pa-060__de-fet__72.57.wav	76.570	77.420	0.3825	5	0.80	4.680		1043.76	1793.32	2891.27	54.20
pa-062	és a dir	clips/pa-062__s-a-dir__973.65.wav	975.650	976.090	0.2861	1	0.20	2.088		572.28	1544.22	2120.94	51.07
pa-062	és a dir	clips/pa-062__s-a-dir__973.65.wav	975.650	976.090	0.2861	2	0.35	2.154	187.84	388.21	1373.60	2632.86	57.26
pa-062	és a dir	clips/pa-062__s-a-dir__973.65.wav	975.650	976.090	0.2861	3	0.50	2.220	84.39	446.02	1380.76	2535.98	66.53
pa-062	és a dir	clips/pa-062__s-a-dir__973.65.wav	975.650	976.090	0.2861	4	0.65	2.286		456.95	1278.89	2589.77	64.59
pa-062	és a dir	clips/pa-062__s-a-dir__973.65.wav	975.650	976.090	0.2861	5	0.80	2.352	80.07	457.64	1359.51	2686.03	61.64
pa-063	crec	clips/pa-063__crec__758.81.wav	761.610	761.820	0.9937	1	0.20	2.842	161.07	840.73	1846.05	3285.73	50.35
pa-063	crec	clips/pa-063__crec__758.81.wav	761.610	761.820	0.9937	2	0.35	2.873		632.45	1815.14	2522.48	43.15
pa-063	crec	clips/pa-063__crec__758.81.wav	761.610	761.820	0.9937	3	0.50	2.905		1021.28	2226.64	3434.73	54.60
pa-063	crec	clips/pa-063__crec__758.81.wav	761.610	761.820	0.9937	4	0.65	2.936	185.27	470.62	1965.31	2729.48	60.53
pa-063	crec	clips/pa-063__crec__758.81.wav	761.610	761.820	0.9937	5	0.80	2.968		687.12	2026.51	2729.42	53.95
pa-063	o sigui	clips/pa-063__o-sigui__826.09.wav	826.090	826.630	0.0141	1	0.20	0.120	164.43	1106.21	2738.26	3948.99	58.30
pa-063	o sigui	clips/pa-063__o-sigui__826.09.wav	826.090	826.630	0.0141	2	0.35	0.199	188.01	307.00	1247.83	2732.42	61.42
pa-063	o sigui	clips/pa-063__o-sigui__826.09.wav	826.090	826.630	0.0141	3	0.50	0.278	168.32	374.15	914.37	2627.57	61.55
pa-063	o sigui	clips/pa-063__o-sigui__826.09.wav	826.090	826.630	0.0141	4	0.65	0.356	169.34	421.37	1429.73	3029.08	59.65
pa-063	o sigui	clips/pa-063__o-sigui__826.09.wav	826.090	826.630	0.0141	5	0.80	0.435	192.42	614.24	1882.94	2853.94	59.40
pa-065	bé	clips/pa-065__b__138.57.wav	139.950	140.280	0.2481	1	0.20	1.446	137.00	385.28	1147.94	2508.26	66.41
pa-065	bé	clips/pa-065__b__138.57.wav	139.950	140.280	0.2481	2	0.35	1.495	126.46	377.63	1320.78	2490.55	63.68
pa-065	bé	clips/pa-065__b__138.57.wav	139.950	140.280	0.2481	3	0.50	1.545	125.51	408.57	1651.04	2378.66	66.06
pa-065	bé	clips/pa-065__b__138.57.wav	139.950	140.280	0.2481	4	0.65	1.595	124.37	463.27	1806.01	2503.58	62.76
pa-065	bé	clips/pa-065__b__138.57.wav	139.950	140.280	0.2481	5	0.80	1.644	66.79	459.38	1889.27	2545.49	56.83
pa-065	doncs	clips/pa-065__doncs__157.49.wav	159.730	159.760	0.5466	1	0.20	2.246	145.17	257.05	1597.60	2729.62	55.08
pa-065	doncs	clips/pa-065__doncs__157.49.wav	159.730	159.760	0.5466	2	0.35	2.251	143.33	268.77	1563.03	2646.00	56.72
pa-065	doncs	clips/pa-065__doncs__157.49.wav	159.730	159.760	0.5466	3	0.50	2.255	140.60	281.36	2046.36	2717.53	58.09
pa-065	doncs	clips/pa-065__doncs__157.49.wav	159.730	159.760	0.5466	4	0.65	2.260	137.14	301.48	2510.73	3143.16	59.37
pa-065	doncs	clips/pa-065__doncs__157.49.wav	159.730	159.760	0.5466	5	0.80	2.264	132.73	321.15	2472.09	3634.77	60.43
pa-066	bueno	clips/pa-066__bueno__357.23.wav	359.230	359.250	0.6883	1	0.20	2.004	135.55	559.52	846.55	2659.69	68.88
pa-066	bueno	clips/pa-066__bueno__357.23.wav	359.230	359.250	0.6883	2	0.35	2.007	137.17	560.72	835.28	2728.11	68.67
pa-066	bueno	clips/pa-066__bueno__357.23.wav	359.230	359.250	0.6883	3	0.50	2.010	138.63	557.28	826.99	2824.68	68.42
pa-066	bueno	clips/pa-066__bueno__357.23.wav	359.230	359.250	0.6883	4	0.65	2.013	140.22	543.47	822.91	2802.08	68.13
pa-066	bueno	clips/pa-066__bueno__357.23.wav	359.230	359.250	0.6883	5	0.80	2.016	141.95	541.78	801.61	2800.10	67.82
