id_persona	forma	interval_escolta	clip	json_base	n_matches	token_match	token_matches
pa-002	bé	348.25-355.75	clips/pa-002__b__348.25.wav	qa-consens-base-json/pa-002__b__348_25.json	0	no	[]
pa-004	bé	319.61-322.59	clips/pa-004__b__319.61.wav	qa-consens-base-json/pa-004__b__319_61.json	1	sí	"[{""start"":320.89,""end"":321.15000000000003,""p_min"":0.977812,""text"":""bé""}]"
pa-005	bé	51.09-56.07	clips/pa-005__b__51.09.wav	qa-consens-base-json/pa-005__b__51_09.json	1	sí	"[{""start"":52.38,""end"":52.550000000000004,""p_min"":0.992218,""text"":""bé""}]"
pa-007	bé	59.25-66.75	clips/pa-007__b__59.25.wav	qa-consens-base-json/pa-007__b__59_25.json	1	sí	"[{""start"":59.61,""end"":59.73,""p_min"":0.915853,""text"":""bé""}]"
pa-009	bé	557.25-561.75	clips/pa-009__b__557.25.wav	qa-consens-base-json/pa-009__b__557_25.json	1	sí	"[{""start"":560.68,""end"":560.93,""p_min"":0.988552,""text"":""bé""}]"
pa-011	bé	185.57-189.31	clips/pa-011__b__185.57.wav	qa-consens-base-json/pa-011__b__185_57.json	1	sí	"[{""start"":187.94,""end"":188.04,""p_min"":0.998057,""text"":""bé""}]"
pa-013	bé	196.65-203.47	clips/pa-013__b__196.65.wav	qa-consens-base-json/pa-013__b__196_65.json	0	no	[]
pa-014	bé	165.65-181.55	clips/pa-014__b__165.65.wav	qa-consens-base-json/pa-014__b__165_65.json	1	sí	"[{""start"":165.65,""end"":166.04,""p_min"":0.0358198,""text"":""Bé""}]"
pa-019	bé	195.25-201.75	clips/pa-019__b__195.25.wav	qa-consens-base-json/pa-019__b__195_25.json	1	sí	"[{""start"":200.3,""end"":200.4,""p_min"":0.990351,""text"":""bé""}]"
pa-020	bé	146.37-152.31	clips/pa-020__b__146.37.wav	qa-consens-base-json/pa-020__b__146_37.json	1	sí	"[{""start"":149.55,""end"":149.93,""p_min"":0.833773,""text"":""bé""}]"
pa-021	bé	257.61-263.59	clips/pa-021__b__257.61.wav	qa-consens-base-json/pa-021__b__257_61.json	0	no	[]
pa-022	bé	270.45-275.35	clips/pa-022__b__270.45.wav	qa-consens-base-json/pa-022__b__270_45.json	0	no	[]
pa-023	bé	409.37-413.47	clips/pa-023__b__409.37.wav	qa-consens-base-json/pa-023__b__409_37.json	1	sí	"[{""start"":410.25,""end"":410.32,""p_min"":0.413905,""text"":""bé""}]"
pa-026	bé	99.97-103.47	clips/pa-026__b__99.97.wav	qa-consens-base-json/pa-026__b__99_97.json	1	sí	"[{""start"":100.28999999999999,""end"":100.53,""p_min"":0.965465,""text"":""bé""}]"
pa-028	bé	182.49-187.39	clips/pa-028__b__182.49.wav	qa-consens-base-json/pa-028__b__182_49.json	1	sí	"[{""start"":185.33,""end"":185.57000000000002,""p_min"":0.621006,""text"":""bé""}]"
pa-032	bé	270.41-274.95	clips/pa-032__b__270.41.wav	qa-consens-base-json/pa-032__b__270_41.json	1	sí	"[{""start"":273.79,""end"":273.92,""p_min"":0.642863,""text"":""bé""}]"
pa-033	bé	103.09-107.43	clips/pa-033__b__103.09.wav	qa-consens-base-json/pa-033__b__103_09.json	2	sí	"[{""start"":103.82000000000001,""end"":103.88000000000001,""p_min"":0.263711,""text"":""bé""},{""start"":106.62,""end"":106.84,""p_min"":0.559881,""text"":""bé""}]"
pa-036	bé	69.45-75.15	clips/pa-036__b__69.45.wav	qa-consens-base-json/pa-036__b__69_45.json	1	sí	"[{""start"":71.88000000000001,""end"":72.17,""p_min"":0.996971,""text"":""bé""}]"
pa-038	bé	26.77-31.71	clips/pa-038__b__26.77.wav	qa-consens-base-json/pa-038__b__26_77.json	1	sí	"[{""start"":27.55,""end"":27.82,""p_min"":0.941616,""text"":""bé""}]"
pa-041	bé	130.25-137.75	clips/pa-041__b__130.25.wav	qa-consens-base-json/pa-041__b__130_25.json	1	sí	"[{""start"":130.25,""end"":130.61,""p_min"":0.0399611,""text"":""Bé""}]"
pa-048	bé	495.73-502.83	clips/pa-048__b__495.73.wav	qa-consens-base-json/pa-048__b__495_73.json	1	sí	"[{""start"":495.73,""end"":496.13,""p_min"":0.14099,""text"":""Bé""}]"
pa-056	bé	436.49-441.47	clips/pa-056__b__436.49.wav	qa-consens-base-json/pa-056__b__436_49.json	0	no	[]
pa-063	bé	105.97-110.35	clips/pa-063__b__105.97.wav	qa-consens-base-json/pa-063__b__105_97.json	1	sí	"[{""start"":105.97,""end"":106.22,""p_min"":0.0642268,""text"":""Bé""}]"
pa-064	bé	97.93-104.11	clips/pa-064__b__97.93.wav	qa-consens-base-json/pa-064__b__97_93.json	1	sí	"[{""start"":97.93,""end"":98.36000000000001,""p_min"":0.228535,""text"":""Bé""}]"
pa-065	bé	138.57-144.67	clips/pa-065__b__138.57.wav	qa-consens-base-json/pa-065__b__138_57.json	1	sí	"[{""start"":139.95,""end"":140.28,""p_min"":0.248075,""text"":""bé""}]"
pa-066	bé	10.13-15.71	clips/pa-066__b__10.13.wav	qa-consens-base-json/pa-066__b__10_13.json	1	sí	"[{""start"":13.05,""end"":13.290000000000001,""p_min"":0.25331,""text"":""bé""}]"
pa-003	de fet	0.00-7.19	clips/pa-003__de-fet__0.00.wav	qa-consens-base-json/pa-003__de-fet__0_00.json	1	sí	"[{""start"":1.4,""end"":1.97,""p_min"":0.655982,""text"":""de fet""}]"
pa-004	de fet	601.17-607.35	clips/pa-004__de-fet__601.17.wav	qa-consens-base-json/pa-004__de-fet__601_17.json	1	sí	"[{""start"":603.8499999999999,""end"":604.0699999999999,""p_min"":0.490965,""text"":""De fet""}]"
pa-006	de fet	285.25-291.75	clips/pa-006__de-fet__285.25.wav	qa-consens-base-json/pa-006__de-fet__285_25.json	1	sí	"[{""start"":286.85,""end"":287.35,""p_min"":0.715119,""text"":""de fet""}]"
pa-010	de fet	647.25-652.75	clips/pa-010__de-fet__647.25.wav	qa-consens-base-json/pa-010__de-fet__647_25.json	1	sí	"[{""start"":650.69,""end"":650.8,""p_min"":0.368882,""text"":""de fet""}]"
pa-011	de fet	557.25-561.31	clips/pa-011__de-fet__557.25.wav	qa-consens-base-json/pa-011__de-fet__557_25.json	1	sí	"[{""start"":557.25,""end"":557.63,""p_min"":0.196393,""text"":""De fet""}]"
pa-024	de fet	482.25-489.07	clips/pa-024__de-fet__482.25.wav	qa-consens-base-json/pa-024__de-fet__482_25.json	1	sí	"[{""start"":482.25,""end"":483.67,""p_min"":0.262406,""text"":""de fet""}]"
pa-027	de fet	109.45-115.11	clips/pa-027__de-fet__109.45.wav	qa-consens-base-json/pa-027__de-fet__109_45.json	1	sí	"[{""start"":109.87,""end"":110.7,""p_min"":0.35181,""text"":""de fet""}]"
pa-028	de fet	31.17-37.07	clips/pa-028__de-fet__31.17.wav	qa-consens-base-json/pa-028__de-fet__31_17.json	1	sí	"[{""start"":35.52,""end"":35.92,""p_min"":0.790623,""text"":""de fet""}]"
pa-031	de fet	9.93-14.23	clips/pa-031__de-fet__9.93.wav	qa-consens-base-json/pa-031__de-fet__9_93.json	1	sí	"[{""start"":10.049999999999999,""end"":10.65,""p_min"":0.360243,""text"":""de fet""}]"
pa-033	de fet	249.69-252.55	clips/pa-033__de-fet__249.69.wav	qa-consens-base-json/pa-033__de-fet__249_69.json	1	sí	"[{""start"":250.62,""end"":251.04,""p_min"":0.625589,""text"":""de fet""}]"
pa-040	de fet	70.17-73.51	clips/pa-040__de-fet__70.17.wav	qa-consens-base-json/pa-040__de-fet__70_17.json	1	sí	"[{""start"":72.2,""end"":72.23,""p_min"":0.648954,""text"":""de fet""}]"
pa-060	de fet	72.57-78.35	clips/pa-060__de-fet__72.57.wav	qa-consens-base-json/pa-060__de-fet__72_57.json	1	sí	"[{""start"":76.57,""end"":77.41999999999999,""p_min"":0.382501,""text"":""de fet""}]"
pa-003	és a dir	65.05-70.51	clips/pa-003__s-a-dir__65.05.wav	qa-consens-base-json/pa-003__s-a-dir__65_05.json	1	sí	"[{""start"":65.05,""end"":65.53999999999999,""p_min"":0.505074,""text"":""És a dir""}]"
pa-008	és a dir	1110.25-1114.75	clips/pa-008__s-a-dir__1110.25.wav	qa-consens-base-json/pa-008__s-a-dir__1110_25.json	1	sí	"[{""start"":1112.6,""end"":1112.95,""p_min"":0.688914,""text"":""És a dir""}]"
pa-010	és a dir	243.25-249.55	clips/pa-010__s-a-dir__243.25.wav	qa-consens-base-json/pa-010__s-a-dir__243_25.json	1	sí	"[{""start"":243.25,""end"":243.63,""p_min"":0.122688,""text"":""És a dir""}]"
pa-011	és a dir	48.09-54.67	clips/pa-011__s-a-dir__48.09.wav	qa-consens-base-json/pa-011__s-a-dir__48_09.json	1	sí	"[{""start"":48.09,""end"":48.81,""p_min"":0.138258,""text"":""És a dir""}]"
pa-017	és a dir	487.25-494.75	clips/pa-017__s-a-dir__487.25.wav	qa-consens-base-json/pa-017__s-a-dir__487_25.json	1	sí	"[{""start"":488.85,""end"":489.22,""p_min"":0.216524,""text"":""és a dir""}]"
pa-027	és a dir	185.61-192.87	clips/pa-027__s-a-dir__185.61.wav	qa-consens-base-json/pa-027__s-a-dir__185_61.json	1	sí	"[{""start"":187.61,""end"":188.19000000000003,""p_min"":0.0978576,""text"":""és a dir""}]"
pa-033	és a dir	39.29-44.27	clips/pa-033__s-a-dir__39.29.wav	qa-consens-base-json/pa-033__s-a-dir__39_29.json	1	sí	"[{""start"":40.29,""end"":40.8,""p_min"":0.558356,""text"":""És a dir""}]"
pa-059	és a dir	487.81-491.67	clips/pa-059__s-a-dir__487.81.wav	qa-consens-base-json/pa-059__s-a-dir__487_81.json	1	sí	"[{""start"":487.81,""end"":488.37,""p_min"":0.448858,""text"":""És a dir""}]"
pa-062	és a dir	973.65-980.31	clips/pa-062__s-a-dir__973.65.wav	qa-consens-base-json/pa-062__s-a-dir__973_65.json	1	sí	"[{""start"":975.65,""end"":976.09,""p_min"":0.286056,""text"":""és a dir""}]"
pa-006	aleshores	513.25-518.75	clips/pa-006__aleshores__513.25.wav	qa-consens-base-json/pa-006__aleshores__513_25.json	1	sí	"[{""start"":513.28,""end"":513.82,""p_min"":0.161801,""text"":""Aleshores""}]"
pa-008	aleshores	1315.25-1319.75	clips/pa-008__aleshores__1315.25.wav	qa-consens-base-json/pa-008__aleshores__1315_25.json	1	sí	"[{""start"":1316.25,""end"":1316.72,""p_min"":0.309568,""text"":""Aleshores""}]"
pa-030	aleshores	392.41-397.91	clips/pa-030__aleshores__392.41.wav	qa-consens-base-json/pa-030__aleshores__392_41.json	1	sí	"[{""start"":392.41,""end"":393.61,""p_min"":0.0184069,""text"":""Aleshores""}]"
pa-032	aleshores	79.09-87.19	clips/pa-032__aleshores__79.09.wav	qa-consens-base-json/pa-032__aleshores__79_09.json	1	sí	"[{""start"":81.34,""end"":82.12,""p_min"":0.187183,""text"":""aleshores""}]"
pa-001	evidentment	1067.69-1071.19	clips/pa-001__evidentment__1067.69.wav	qa-consens-base-json/pa-001__evidentment__1067_69.json	1	sí	"[{""start"":1069.1000000000001,""end"":1069.89,""p_min"":0.691935,""text"":""evidentment""}]"
pa-002	evidentment	205.25-209.75	clips/pa-002__evidentment__205.25.wav	qa-consens-base-json/pa-002__evidentment__205_25.json	1	sí	"[{""start"":205.86,""end"":206.96,""p_min"":0.590544,""text"":""evidentment""}]"
pa-003	evidentment	158.81-165.19	clips/pa-003__evidentment__158.81.wav	qa-consens-base-json/pa-003__evidentment__158_81.json	1	sí	"[{""start"":159.79,""end"":160.62,""p_min"":0.583762,""text"":""evidentment""}]"
pa-004	evidentment	522.93-528.15	clips/pa-004__evidentment__522.93.wav	qa-consens-base-json/pa-004__evidentment__522_93.json	1	sí	"[{""start"":526.77,""end"":526.93,""p_min"":0.939644,""text"":""evidentment""}]"
pa-007	evidentment	778.25-783.75	clips/pa-007__evidentment__778.25.wav	qa-consens-base-json/pa-007__evidentment__778_25.json	1	sí	"[{""start"":782.24,""end"":782.86,""p_min"":0.692992,""text"":""evidentment""}]"
pa-009	evidentment	947.25-951.75	clips/pa-009__evidentment__947.25.wav	qa-consens-base-json/pa-009__evidentment__947_25.json	1	sí	"[{""start"":948.16,""end"":948.93,""p_min"":0.476066,""text"":""evidentment""}]"
pa-014	evidentment	28.65-37.55	clips/pa-014__evidentment__28.65.wav	qa-consens-base-json/pa-014__evidentment__28_65.json	1	sí	"[{""start"":30.459999999999997,""end"":31.549999999999997,""p_min"":0.860653,""text"":""evidentment""}]"
pa-016	evidentment	456.85-463.03	clips/pa-016__evidentment__456.85.wav	qa-consens-base-json/pa-016__evidentment__456_85.json	1	sí	"[{""start"":456.95000000000005,""end"":457.93,""p_min"":0.112782,""text"":""evidentment""}]"
pa-022	evidentment	303.01-309.59	clips/pa-022__evidentment__303.01.wav	qa-consens-base-json/pa-022__evidentment__303_01.json	1	sí	"[{""start"":303.13,""end"":304.43,""p_min"":0.230297,""text"":""evidentment""}]"
pa-025	evidentment	1156.61-1160.31	clips/pa-025__evidentment__1156.61.wav	qa-consens-base-json/pa-025__evidentment__1156_61.json	1	sí	"[{""start"":1157.09,""end"":1157.6899999999998,""p_min"":0.361062,""text"":""evidentment""}]"
pa-027	evidentment	174.09-178.23	clips/pa-027__evidentment__174.09.wav	qa-consens-base-json/pa-027__evidentment__174_09.json	1	sí	"[{""start"":176.93,""end"":177.14000000000001,""p_min"":0.445512,""text"":""evidentment""}]"
pa-030	evidentment	43.53-48.63	clips/pa-030__evidentment__43.53.wav	qa-consens-base-json/pa-030__evidentment__43_53.json	1	sí	"[{""start"":44.9,""end"":45.54,""p_min"":0.579412,""text"":""evidentment""}]"
pa-036	evidentment	202.85-211.95	clips/pa-036__evidentment__202.85.wav	qa-consens-base-json/pa-036__evidentment__202_85.json	1	sí	"[{""start"":207.76999999999998,""end"":208.41,""p_min"":0.374706,""text"":""evidentment""}]"
pa-040	evidentment	103.93-106.95	clips/pa-040__evidentment__103.93.wav	qa-consens-base-json/pa-040__evidentment__103_93.json	1	sí	"[{""start"":105.05000000000001,""end"":105.76,""p_min"":0.389979,""text"":""Evidentment""}]"
pa-041	evidentment	353.25-360.75	clips/pa-041__evidentment__353.25.wav	qa-consens-base-json/pa-041__evidentment__353_25.json	1	sí	"[{""start"":356.41,""end"":357.13,""p_min"":0.396619,""text"":""evidentment""}]"
pa-045	evidentment	290.13-298.31	clips/pa-045__evidentment__290.13.wav	qa-consens-base-json/pa-045__evidentment__290_13.json	1	sí	"[{""start"":291.13,""end"":291.88,""p_min"":0.552135,""text"":""evidentment""}]"
pa-055	evidentment	1644.01-1651.31	clips/pa-055__evidentment__1644.01.wav	qa-consens-base-json/pa-055__evidentment__1644_01.json	1	sí	"[{""start"":1649.59,""end"":1650.01,""p_min"":0.818426,""text"":""evidentment""}]"
pa-056	evidentment	43.45-48.59	clips/pa-056__evidentment__43.45.wav	qa-consens-base-json/pa-056__evidentment__43_45.json	1	sí	"[{""start"":44.61,""end"":45.31,""p_min"":0.161839,""text"":""evidentment""}]"
pa-061	evidentment	672.69-677.43	clips/pa-061__evidentment__672.69.wav	qa-consens-base-json/pa-061__evidentment__672_69.json	1	sí	"[{""start"":675.3900000000001,""end"":675.6500000000001,""p_min"":0.84245,""text"":""evidentment""}]"
pa-007	diguem	585.25-591.75	clips/pa-007__diguem__585.25.wav	qa-consens-base-json/pa-007__diguem__585_25.json	1	sí	"[{""start"":586.44,""end"":586.65,""p_min"":0.501182,""text"":""diguem""}]"
pa-018	diguem	715.49-721.19	clips/pa-018__diguem__715.49.wav	qa-consens-base-json/pa-018__diguem__715_49.json	1	sí	"[{""start"":717.48,""end"":717.96,""p_min"":0.492714,""text"":""diguem""}]"
pa-019	diguem	109.25-113.75	clips/pa-019__diguem__109.25.wav	qa-consens-base-json/pa-019__diguem__109_25.json	0	no	[]
pa-025	diguem	500.89-506.43	clips/pa-025__diguem__500.89.wav	qa-consens-base-json/pa-025__diguem__500_89.json	1	sí	"[{""start"":504.03999999999996,""end"":504.51,""p_min"":0.414708,""text"":""diguem""}]"
pa-034	diguem	504.45-508.51	clips/pa-034__diguem__504.45.wav	qa-consens-base-json/pa-034__diguem__504_45.json	1	sí	"[{""start"":506.45,""end"":506.83,""p_min"":0.327075,""text"":""diguem""}]"
pa-037	diguem	469.77-482.03	clips/pa-037__diguem__469.77.wav	qa-consens-base-json/pa-037__diguem__469_77.json	0	no	[]
pa-046	diguem	626.01-630.19	clips/pa-046__diguem__626.01.wav	qa-consens-base-json/pa-046__diguem__626_01.json	1	sí	"[{""start"":627.99,""end"":628.42,""p_min"":0.335348,""text"":""diguem""}]"
pa-057	diguem	929.81-935.31	clips/pa-057__diguem__929.81.wav	qa-consens-base-json/pa-057__diguem__929_81.json	0	no	[]
pa-058	diguem	715.21-718.91	clips/pa-058__diguem__715.21.wav	qa-consens-base-json/pa-058__diguem__715_21.json	1	sí	"[{""start"":717.2,""end"":717.89,""p_min"":0.511272,""text"":""diguem""}]"
pa-062	diguem	191.37-197.03	clips/pa-062__diguem__191.37.wav	qa-consens-base-json/pa-062__diguem__191_37.json	1	sí	"[{""start"":195.15,""end"":195.49,""p_min"":0.872027,""text"":""diguem""}]"
pa-001	crec	97.33-100.95	clips/pa-001__crec__97.33.wav	qa-consens-base-json/pa-001__crec__97_33.json	1	sí	"[{""start"":97.41,""end"":97.73,""p_min"":0.799842,""text"":""crec""}]"
pa-002	crec	248.25-254.75	clips/pa-002__crec__248.25.wav	qa-consens-base-json/pa-002__crec__248_25.json	1	sí	"[{""start"":248.81,""end"":248.81,""p_min"":0.997077,""text"":""crec""}]"
pa-003	crec	0.00-7.19	clips/pa-003__crec__0.00.wav	qa-consens-base-json/pa-003__crec__0_00.json	1	sí	"[{""start"":0.28,""end"":0.85,""p_min"":0.99212,""text"":""crec""}]"
pa-014	crec	153.25-160.55	clips/pa-014__crec__153.25.wav	qa-consens-base-json/pa-014__crec__153_25.json	1	sí	"[{""start"":153.5,""end"":153.85,""p_min"":0.993838,""text"":""crec""}]"
pa-018	crec	7.49-12.83	clips/pa-018__crec__7.49.wav	qa-consens-base-json/pa-018__crec__7_49.json	1	sí	"[{""start"":8.73,""end"":9.1,""p_min"":0.997012,""text"":""crec""}]"
pa-019	crec	27.25-31.75	clips/pa-019__crec__27.25.wav	qa-consens-base-json/pa-019__crec__27_25.json	1	sí	"[{""start"":28.53,""end"":28.8,""p_min"":0.997474,""text"":""crec""}]"
pa-021	crec	115.53-120.03	clips/pa-021__crec__115.53.wav	qa-consens-base-json/pa-021__crec__115_53.json	1	sí	"[{""start"":115.71000000000001,""end"":115.97,""p_min"":0.98995,""text"":""crec""}]"
pa-022	crec	243.73-249.43	clips/pa-022__crec__243.73.wav	qa-consens-base-json/pa-022__crec__243_73.json	1	sí	"[{""start"":243.85,""end"":244.07,""p_min"":0.992226,""text"":""crec""}]"
pa-024	crec	368.01-372.63	clips/pa-024__crec__368.01.wav	qa-consens-base-json/pa-024__crec__368_01.json	1	sí	"[{""start"":368.34999999999997,""end"":369.03999999999996,""p_min"":0.987781,""text"":""crec""}]"
pa-025	crec	4.25-9.11	clips/pa-025__crec__4.25.wav	qa-consens-base-json/pa-025__crec__4_25.json	1	sí	"[{""start"":4.46,""end"":4.89,""p_min"":0.991597,""text"":""crec""}]"
pa-027	crec	8.81-14.39	clips/pa-027__crec__8.81.wav	qa-consens-base-json/pa-027__crec__8_81.json	1	sí	"[{""start"":10.41,""end"":10.72,""p_min"":0.934522,""text"":""crec""}]"
pa-030	crec	346.45-352.99	clips/pa-030__crec__346.45.wav	qa-consens-base-json/pa-030__crec__346_45.json	1	sí	"[{""start"":348.18,""end"":348.38,""p_min"":0.982984,""text"":""crec""}]"
pa-031	crec	87.01-92.63	clips/pa-031__crec__87.01.wav	qa-consens-base-json/pa-031__crec__87_01.json	1	sí	"[{""start"":89.41000000000001,""end"":89.78,""p_min"":0.993283,""text"":""crec""}]"
pa-035	crec	872.77-879.91	clips/pa-035__crec__872.77.wav	qa-consens-base-json/pa-035__crec__872_77.json	1	sí	"[{""start"":873.42,""end"":873.46,""p_min"":0.897417,""text"":""crec""}]"
pa-038	crec	220.69-226.79	clips/pa-038__crec__220.69.wav	qa-consens-base-json/pa-038__crec__220_69.json	1	sí	"[{""start"":221.44,""end"":221.71,""p_min"":0.994296,""text"":""crec""}]"
pa-039	crec	90.85-95.95	clips/pa-039__crec__90.85.wav	qa-consens-base-json/pa-039__crec__90_85.json	1	sí	"[{""start"":92.72999999999999,""end"":92.94999999999999,""p_min"":0.996136,""text"":""crec""}]"
pa-040	crec	4.37-7.79	clips/pa-040__crec__4.37.wav	qa-consens-base-json/pa-040__crec__4_37.json	1	sí	"[{""start"":4.63,""end"":5.16,""p_min"":0.995471,""text"":""crec""}]"
pa-041	crec	56.25-62.75	clips/pa-041__crec__56.25.wav	qa-consens-base-json/pa-041__crec__56_25.json	1	sí	"[{""start"":57.56,""end"":57.7,""p_min"":0.991026,""text"":""crec""}]"
pa-043	crec	102.25-108.75	clips/pa-043__crec__102.25.wav	qa-consens-base-json/pa-043__crec__102_25.json	1	sí	"[{""start"":107.25,""end"":107.49,""p_min"":0.993648,""text"":""crec""}]"
pa-048	crec	110.97-117.27	clips/pa-048__crec__110.97.wav	qa-consens-base-json/pa-048__crec__110_97.json	1	sí	"[{""start"":113.46,""end"":113.58,""p_min"":0.982004,""text"":""crec""}]"
pa-049	crec	371.85-383.51	clips/pa-049__crec__371.85.wav	qa-consens-base-json/pa-049__crec__371_85.json	1	sí	"[{""start"":372.28000000000003,""end"":372.86,""p_min"":0.92113,""text"":""crec""}]"
pa-051	crec	208.57-213.39	clips/pa-051__crec__208.57.wav	qa-consens-base-json/pa-051__crec__208_57.json	1	sí	"[{""start"":208.69,""end"":208.94,""p_min"":0.947249,""text"":""crec""}]"
pa-056	crec	347.05-353.03	clips/pa-056__crec__347.05.wav	qa-consens-base-json/pa-056__crec__347_05.json	1	sí	"[{""start"":348.24,""end"":348.68,""p_min"":0.989413,""text"":""crec""}]"
pa-061	crec	428.85-435.63	clips/pa-061__crec__428.85.wav	qa-consens-base-json/pa-061__crec__428_85.json	1	sí	"[{""start"":432.33000000000004,""end"":432.83000000000004,""p_min"":0.962273,""text"":""crec""}]"
pa-062	crec	1037.89-1041.47	clips/pa-062__crec__1037.89.wav	qa-consens-base-json/pa-062__crec__1037_89.json	1	sí	"[{""start"":1038.14,""end"":1038.48,""p_min"":0.969121,""text"":""crec""}]"
pa-063	crec	758.81-763.23	clips/pa-063__crec__758.81.wav	qa-consens-base-json/pa-063__crec__758_81.json	1	sí	"[{""start"":761.6099999999999,""end"":761.8199999999999,""p_min"":0.993684,""text"":""crec""}]"
pa-064	crec	1335.77-1345.39	clips/pa-064__crec__1335.77.wav	qa-consens-base-json/pa-064__crec__1335_77.json	1	sí	"[{""start"":1338.47,""end"":1338.6299999999999,""p_min"":0.971688,""text"":""crec""}]"
pa-066	crec	219.63-227.13	clips/pa-066__crec__219.63.wav	qa-consens-base-json/pa-066__crec__219_63.json	1	sí	"[{""start"":224.4,""end"":224.75,""p_min"":0.766422,""text"":""crec""}]"
pa-021	bueno	12.25-16.87	clips/pa-021__bueno__12.25.wav	qa-consens-base-json/pa-021__bueno__12_25.json	1	sí	"[{""start"":13.81,""end"":14.07,""p_min"":0.565392,""text"":""bueno""}]"
pa-030	bueno	459.05-463.07	clips/pa-030__bueno__459.05.wav	qa-consens-base-json/pa-030__bueno__459_05.json	1	sí	"[{""start"":459.49,""end"":459.93,""p_min"":0.616923,""text"":""bueno""}]"
pa-032	bueno	44.73-50.63	clips/pa-032__bueno__44.73.wav	qa-consens-base-json/pa-032__bueno__44_73.json	1	sí	"[{""start"":44.8,""end"":45.169999999999995,""p_min"":0.278558,""text"":""bueno""}]"
pa-038	bueno	874.61-878.11	clips/pa-038__bueno__874.61.wav	qa-consens-base-json/pa-038__bueno__874_61.json	1	sí	"[{""start"":875.7,""end"":875.94,""p_min"":0.281817,""text"":""bueno""}]"
pa-043	bueno	0.00-3.75	clips/pa-043__bueno__0.00.wav	qa-consens-base-json/pa-043__bueno__0_00.json	1	sí	"[{""start"":0.11,""end"":0.26,""p_min"":0.531858,""text"":""Bueno""}]"
pa-054	bueno	51.69-55.75	clips/pa-054__bueno__51.69.wav	qa-consens-base-json/pa-054__bueno__51_69.json	1	sí	"[{""start"":52.48,""end"":52.599999999999994,""p_min"":0.922322,""text"":""bueno""}]"
pa-062	bueno	297.17-302.03	clips/pa-062__bueno__297.17.wav	qa-consens-base-json/pa-062__bueno__297_17.json	1	sí	"[{""start"":298.61,""end"":298.92,""p_min"":0.292384,""text"":""Bueno""}]"
pa-066	bueno	357.23-362.57	clips/pa-066__bueno__357.23.wav	qa-consens-base-json/pa-066__bueno__357_23.json	1	sí	"[{""start"":359.23,""end"":359.25,""p_min"":0.688272,""text"":""bueno""}]"
pa-007	clar	344.25-349.75	clips/pa-007__clar__344.25.wav	qa-consens-base-json/pa-007__clar__344_25.json	1	sí	"[{""start"":345.26,""end"":345.34,""p_min"":0.957045,""text"":""clar""}]"
pa-008	clar	841.25-846.75	clips/pa-008__clar__841.25.wav	qa-consens-base-json/pa-008__clar__841_25.json	0	no	[]
pa-009	clar	99.25-105.75	clips/pa-009__clar__99.25.wav	qa-consens-base-json/pa-009__clar__99_25.json	1	sí	"[{""start"":101.92,""end"":102.23,""p_min"":0.349377,""text"":""clar""}]"
pa-010	clar	334.85-339.35	clips/pa-010__clar__334.85.wav	qa-consens-base-json/pa-010__clar__334_85.json	1	sí	"[{""start"":338.15000000000003,""end"":338.3,""p_min"":0.807782,""text"":""clar""}]"
pa-016	clar	175.69-180.35	clips/pa-016__clar__175.69.wav	qa-consens-base-json/pa-016__clar__175_69.json	1	sí	"[{""start"":178.24,""end"":178.69,""p_min"":0.71593,""text"":""clar""}]"
pa-017	clar	34.45-42.35	clips/pa-017__clar__34.45.wav	qa-consens-base-json/pa-017__clar__34_45.json	1	sí	"[{""start"":37.150000000000006,""end"":37.74,""p_min"":0.917776,""text"":""clar""}]"
pa-020	clar	89.81-94.31	clips/pa-020__clar__89.81.wav	qa-consens-base-json/pa-020__clar__89_81.json	1	sí	"[{""start"":92.72,""end"":92.72,""p_min"":0.93055,""text"":""clar""}]"
pa-022	clar	107.73-113.11	clips/pa-022__clar__107.73.wav	qa-consens-base-json/pa-022__clar__107_73.json	1	sí	"[{""start"":109.16000000000001,""end"":109.31,""p_min"":0.967788,""text"":""clar""}]"
pa-024	clar	648.09-656.83	clips/pa-024__clar__648.09.wav	qa-consens-base-json/pa-024__clar__648_09.json	1	sí	"[{""start"":650.44,""end"":650.8000000000001,""p_min"":0.846023,""text"":""clar""}]"
pa-025	clar	116.09-119.95	clips/pa-025__clar__116.09.wav	qa-consens-base-json/pa-025__clar__116_09.json	1	sí	"[{""start"":117.0,""end"":117.29,""p_min"":0.122674,""text"":""clar""}]"
pa-028	clar	290.33-295.15	clips/pa-028__clar__290.33.wav	qa-consens-base-json/pa-028__clar__290_33.json	1	sí	"[{""start"":292.59999999999997,""end"":292.9,""p_min"":0.62284,""text"":""clar""}]"
pa-036	clar	136.45-147.15	clips/pa-036__clar__136.45.wav	qa-consens-base-json/pa-036__clar__136_45.json	1	sí	"[{""start"":141.38,""end"":141.69,""p_min"":0.772681,""text"":""clar""}]"
pa-038	clar	96.41-101.31	clips/pa-038__clar__96.41.wav	qa-consens-base-json/pa-038__clar__96_41.json	1	sí	"[{""start"":99.78,""end"":100.17,""p_min"":0.642624,""text"":""clar""}]"
pa-041	clar	0.00-10.75	clips/pa-041__clar__0.00.wav	qa-consens-base-json/pa-041__clar__0_00.json	1	sí	"[{""start"":3.53,""end"":3.9,""p_min"":0.443741,""text"":""clar""}]"
pa-051	clar	161.85-167.07	clips/pa-051__clar__161.85.wav	qa-consens-base-json/pa-051__clar__161_85.json	0	no	[]
pa-052	clar	59.97-64.67	clips/pa-052__clar__59.97.wav	qa-consens-base-json/pa-052__clar__59_97.json	1	sí	"[{""start"":61.96,""end"":62.24,""p_min"":0.789144,""text"":""clar""}]"
pa-056	clar	62.45-66.87	clips/pa-056__clar__62.45.wav	qa-consens-base-json/pa-056__clar__62_45.json	1	sí	"[{""start"":63.71,""end"":64.01,""p_min"":0.842265,""text"":""clar""}]"
pa-059	clar	36.61-42.23	clips/pa-059__clar__36.61.wav	qa-consens-base-json/pa-059__clar__36_61.json	1	sí	"[{""start"":38.19,""end"":38.339999999999996,""p_min"":0.912632,""text"":""clar""}]"
pa-063	clar	392.49-397.11	clips/pa-063__clar__392.49.wav	qa-consens-base-json/pa-063__clar__392_49.json	1	sí	"[{""start"":392.84000000000003,""end"":393.11,""p_min"":0.701489,""text"":""clar""}]"
pa-064	clar	109.97-115.87	clips/pa-064__clar__109.97.wav	qa-consens-base-json/pa-064__clar__109_97.json	1	sí	"[{""start"":110.08,""end"":110.44,""p_min"":0.380815,""text"":""clar""}]"
pa-065	clar	221.29-226.15	clips/pa-065__clar__221.29.wav	qa-consens-base-json/pa-065__clar__221_29.json	1	sí	"[{""start"":222.12,""end"":222.45999999999998,""p_min"":0.980612,""text"":""clar""}]"
pa-004	vull dir	143.45-150.59	clips/pa-004__vull-dir__143.45.wav	qa-consens-base-json/pa-004__vull-dir__143_45.json	1	sí	"[{""start"":144.23,""end"":144.63,""p_min"":0.308187,""text"":""vull dir""}]"
pa-014	vull dir	19.65-30.15	clips/pa-014__vull-dir__19.65.wav	qa-consens-base-json/pa-014__vull-dir__19_65.json	1	sí	"[{""start"":24.45,""end"":24.84,""p_min"":0.124706,""text"":""vull dir""}]"
pa-017	vull dir	272.25-279.75	clips/pa-017__vull-dir__272.25.wav	qa-consens-base-json/pa-017__vull-dir__272_25.json	1	sí	"[{""start"":272.25,""end"":273.0,""p_min"":0.11509,""text"":""Vull dir""}]"
pa-021	vull dir	314.29-323.11	clips/pa-021__vull-dir__314.29.wav	qa-consens-base-json/pa-021__vull-dir__314_29.json	1	sí	"[{""start"":317.8,""end"":318.89000000000004,""p_min"":0.819321,""text"":""vull dir""}]"
pa-030	vull dir	842.69-848.23	clips/pa-030__vull-dir__842.69.wav	qa-consens-base-json/pa-030__vull-dir__842_69.json	1	sí	"[{""start"":843.44,""end"":844.49,""p_min"":0.533383,""text"":""vull dir""}]"
pa-037	vull dir	414.01-426.11	clips/pa-037__vull-dir__414.01.wav	qa-consens-base-json/pa-037__vull-dir__414_01.json	1	sí	"[{""start"":414.01,""end"":414.68,""p_min"":0.0805295,""text"":""Vull dir""}]"
pa-038	vull dir	1576.57-1582.39	clips/pa-038__vull-dir__1576.57.wav	qa-consens-base-json/pa-038__vull-dir__1576_57.json	1	sí	"[{""start"":1580.26,""end"":1581.01,""p_min"":0.651485,""text"":""vull dir""}]"
pa-041	vull dir	264.25-271.75	clips/pa-041__vull-dir__264.25.wav	qa-consens-base-json/pa-041__vull-dir__264_25.json	1	sí	"[{""start"":264.54,""end"":265.38,""p_min"":0.224443,""text"":""vull dir""}]"
pa-048	vull dir	993.69-999.19	clips/pa-048__vull-dir__993.69.wav	qa-consens-base-json/pa-048__vull-dir__993_69.json	1	sí	"[{""start"":995.12,""end"":996.4300000000001,""p_min"":0.390667,""text"":""vull dir""}]"
pa-056	vull dir	842.65-848.07	clips/pa-056__vull-dir__842.65.wav	qa-consens-base-json/pa-056__vull-dir__842_65.json	1	sí	"[{""start"":843.4,""end"":844.4499999999999,""p_min"":0.635159,""text"":""vull dir""}]"
pa-058	vull dir	975.13-979.55	clips/pa-058__vull-dir__975.13.wav	qa-consens-base-json/pa-058__vull-dir__975_13.json	1	sí	"[{""start"":977.55,""end"":977.93,""p_min"":0.889069,""text"":""vull dir""}]"
pa-059	vull dir	271.81-279.35	clips/pa-059__vull-dir__271.81.wav	qa-consens-base-json/pa-059__vull-dir__271_81.json	1	sí	"[{""start"":271.81,""end"":272.72,""p_min"":0.0430957,""text"":""Vull dir""}]"
pa-009	o sigui	234.25-238.75	clips/pa-009__o-sigui__234.25.wav	qa-consens-base-json/pa-009__o-sigui__234_25.json	1	sí	"[{""start"":236.34,""end"":236.62,""p_min"":0.253759,""text"":""o sigui""}]"
pa-014	o sigui	658.45-674.95	clips/pa-014__o-sigui__658.45.wav	qa-consens-base-json/pa-014__o-sigui__658_45.json	1	sí	"[{""start"":662.0500000000001,""end"":662.49,""p_min"":0.308456,""text"":""o sigui""}]"
pa-022	o sigui	42.93-48.95	clips/pa-022__o-sigui__42.93.wav	qa-consens-base-json/pa-022__o-sigui__42_93.json	0	no	[]
pa-045	o sigui	226.17-233.31	clips/pa-045__o-sigui__226.17.wav	qa-consens-base-json/pa-045__o-sigui__226_17.json	1	sí	"[{""start"":226.17,""end"":227.07999999999998,""p_min"":0.0197175,""text"":""o sigui""}]"
pa-048	o sigui	581.65-585.99	clips/pa-048__o-sigui__581.65.wav	qa-consens-base-json/pa-048__o-sigui__581_65.json	1	sí	"[{""start"":581.65,""end"":582.18,""p_min"":0.0333402,""text"":""O sigui""}]"
pa-049	o sigui	365.21-373.35	clips/pa-049__o-sigui__365.21.wav	qa-consens-base-json/pa-049__o-sigui__365_21.json	1	sí	"[{""start"":367.45,""end"":367.65,""p_min"":0.123496,""text"":""o sigui""}]"
pa-063	o sigui	826.09-830.95	clips/pa-063__o-sigui__826.09.wav	qa-consens-base-json/pa-063__o-sigui__826_09.json	1	sí	"[{""start"":826.09,""end"":826.63,""p_min"":0.0141261,""text"":""O sigui""}]"
pa-065	o sigui	191.65-195.15	clips/pa-065__o-sigui__191.65.wav	qa-consens-base-json/pa-065__o-sigui__191_65.json	1	sí	"[{""start"":191.65,""end"":191.94,""p_min"":0.183549,""text"":""O sigui""}]"
pa-007	llavors	657.25-663.75	clips/pa-007__llavors__657.25.wav	qa-consens-base-json/pa-007__llavors__657_25.json	1	sí	"[{""start"":658.46,""end"":658.94,""p_min"":0.370295,""text"":""Llavors""}]"
pa-010	llavors	386.25-391.75	clips/pa-010__llavors__386.25.wav	qa-consens-base-json/pa-010__llavors__386_25.json	1	sí	"[{""start"":386.85,""end"":387.35,""p_min"":0.187901,""text"":""llavors""}]"
pa-037	llavors	92.53-106.79	clips/pa-037__llavors__92.53.wav	qa-consens-base-json/pa-037__llavors__92_53.json	1	sí	"[{""start"":94.99,""end"":95.95,""p_min"":0.562238,""text"":""llavors""}]"
pa-063	llavors	39.49-44.79	clips/pa-063__llavors__39.49.wav	qa-consens-base-json/pa-063__llavors__39_49.json	1	sí	"[{""start"":42.96,""end"":43.53,""p_min"":0.634084,""text"":""llavors""}]"
pa-002	a veure	126.25-132.75	clips/pa-002__a-veure__126.25.wav	qa-consens-base-json/pa-002__a-veure__126_25.json	1	sí	"[{""start"":126.26,""end"":127.93,""p_min"":0.0293254,""text"":""A veure""}]"
pa-007	a veure	89.25-96.75	clips/pa-007__a-veure__89.25.wav	qa-consens-base-json/pa-007__a-veure__89_25.json	1	sí	"[{""start"":90.22,""end"":90.72,""p_min"":0.938584,""text"":""a veure""}]"
pa-008	a veure	668.25-673.75	clips/pa-008__a-veure__668.25.wav	qa-consens-base-json/pa-008__a-veure__668_25.json	1	sí	"[{""start"":670.06,""end"":670.74,""p_min"":0.932873,""text"":""a veure""}]"
pa-011	a veure	551.81-556.27	clips/pa-011__a-veure__551.81.wav	qa-consens-base-json/pa-011__a-veure__551_81.json	1	sí	"[{""start"":554.3599999999999,""end"":555.26,""p_min"":0.474123,""text"":""a veure""}]"
pa-022	a veure	238.61-245.15	clips/pa-022__a-veure__238.61.wav	qa-consens-base-json/pa-022__a-veure__238_61.json	1	sí	"[{""start"":240.45000000000002,""end"":241.04000000000002,""p_min"":0.332221,""text"":""a veure""}]"
pa-023	a veure	268.81-272.59	clips/pa-023__a-veure__268.81.wav	qa-consens-base-json/pa-023__a-veure__268_81.json	1	sí	"[{""start"":268.82,""end"":269.36,""p_min"":0.0670804,""text"":""A veure""}]"
pa-025	a veure	388.01-395.23	clips/pa-025__a-veure__388.01.wav	qa-consens-base-json/pa-025__a-veure__388_01.json	1	sí	"[{""start"":388.01,""end"":388.59999999999997,""p_min"":0.14127,""text"":""A veure""}]"
pa-030	a veure	673.41-676.91	clips/pa-030__a-veure__673.41.wav	qa-consens-base-json/pa-030__a-veure__673_41.json	1	sí	"[{""start"":673.41,""end"":673.75,""p_min"":0.0484436,""text"":""A veure""}]"
pa-031	a veure	4.25-9.07	clips/pa-031__a-veure__4.25.wav	qa-consens-base-json/pa-031__a-veure__4_25.json	0	no	[]
pa-034	a veure	94.05-100.39	clips/pa-034__a-veure__94.05.wav	qa-consens-base-json/pa-034__a-veure__94_05.json	1	sí	"[{""start"":96.36999999999999,""end"":97.05,""p_min"":0.335541,""text"":""a veure""}]"
pa-036	a veure	153.05-160.15	clips/pa-036__a-veure__153.05.wav	qa-consens-base-json/pa-036__a-veure__153_05.json	1	sí	"[{""start"":154.53,""end"":155.03,""p_min"":0.076976,""text"":""a veure""}]"
pa-045	a veure	340.93-345.91	clips/pa-045__a-veure__340.93.wav	qa-consens-base-json/pa-045__a-veure__340_93.json	1	sí	"[{""start"":343.88,""end"":343.96,""p_min"":0.692242,""text"":""a veure""}]"
pa-048	a veure	393.93-397.03	clips/pa-048__a-veure__393.93.wav	qa-consens-base-json/pa-048__a-veure__393_93.json	1	sí	"[{""start"":395.57,""end"":395.65000000000003,""p_min"":0.0946239,""text"":""a veure""}]"
pa-049	a veure	244.85-252.03	clips/pa-049__a-veure__244.85.wav	qa-consens-base-json/pa-049__a-veure__244_85.json	1	sí	"[{""start"":253.26999999999998,""end"":253.45,""p_min"":0.589843,""text"":""a veure""}]"
pa-056	a veure	673.21-676.71	clips/pa-056__a-veure__673.21.wav	qa-consens-base-json/pa-056__a-veure__673_21.json	1	sí	"[{""start"":673.21,""end"":673.62,""p_min"":0.128056,""text"":""A veure""}]"
pa-061	a veure	579.17-583.39	clips/pa-061__a-veure__579.17.wav	qa-consens-base-json/pa-061__a-veure__579_17.json	1	sí	"[{""start"":581.49,""end"":581.99,""p_min"":0.163087,""text"":""a veure""}]"
pa-064	a veure	587.61-591.67	clips/pa-064__a-veure__587.61.wav	qa-consens-base-json/pa-064__a-veure__587_61.json	0	no	[]
pa-020	aviam	252.21-256.43	clips/pa-020__aviam__252.21.wav	qa-consens-base-json/pa-020__aviam__252_21.json	1	sí	"[{""start"":254.59,""end"":255.11,""p_min"":0.129533,""text"":""aviam""}]"
pa-005	doncs	71.13-77.11	clips/pa-005__doncs__71.13.wav	qa-consens-base-json/pa-005__doncs__71_13.json	1	sí	"[{""start"":71.13,""end"":71.61,""p_min"":0.713785,""text"":""Doncs""}]"
pa-009	doncs	139.25-145.75	clips/pa-009__doncs__139.25.wav	qa-consens-base-json/pa-009__doncs__139_25.json	1	sí	"[{""start"":139.25,""end"":139.52,""p_min"":0.508196,""text"":""Doncs""}]"
pa-010	doncs	24.65-31.67	clips/pa-010__doncs__24.65.wav	qa-consens-base-json/pa-010__doncs__24_65.json	1	sí	"[{""start"":26.72,""end"":27.08,""p_min"":0.762153,""text"":""doncs""}]"
pa-015	doncs	83.25-87.75	clips/pa-015__doncs__83.25.wav	qa-consens-base-json/pa-015__doncs__83_25.json	1	sí	"[{""start"":84.34,""end"":84.6,""p_min"":0.767523,""text"":""doncs""}]"
pa-016	doncs	62.33-69.43	clips/pa-016__doncs__62.33.wav	qa-consens-base-json/pa-016__doncs__62_33.json	1	sí	"[{""start"":67.28999999999999,""end"":67.28999999999999,""p_min"":0.893281,""text"":""Doncs""}]"
pa-017	doncs	459.25-464.75	clips/pa-017__doncs__459.25.wav	qa-consens-base-json/pa-017__doncs__459_25.json	1	sí	"[{""start"":460.59,""end"":460.99,""p_min"":0.835344,""text"":""doncs""}]"
pa-021	doncs	12.25-16.87	clips/pa-021__doncs__12.25.wav	qa-consens-base-json/pa-021__doncs__12_25.json	1	sí	"[{""start"":15.25,""end"":15.95,""p_min"":0.538207,""text"":""doncs""}]"
pa-028	doncs	329.33-334.79	clips/pa-028__doncs__329.33.wav	qa-consens-base-json/pa-028__doncs__329_33.json	1	sí	"[{""start"":329.33,""end"":329.69,""p_min"":0.0936847,""text"":""Doncs""}]"
pa-030	doncs	43.53-48.63	clips/pa-030__doncs__43.53.wav	qa-consens-base-json/pa-030__doncs__43_53.json	1	sí	"[{""start"":44.65,""end"":44.9,""p_min"":0.0395901,""text"":""doncs""}]"
pa-032	doncs	21.61-27.23	clips/pa-032__doncs__21.61.wav	qa-consens-base-json/pa-032__doncs__21_61.json	1	sí	"[{""start"":21.61,""end"":21.71,""p_min"":0.121615,""text"":""Doncs""}]"
pa-046	doncs	135.61-140.07	clips/pa-046__doncs__135.61.wav	qa-consens-base-json/pa-046__doncs__135_61.json	1	sí	"[{""start"":137.61,""end"":138.03,""p_min"":0.480387,""text"":""doncs""}]"
pa-048	doncs	302.89-306.79	clips/pa-048__doncs__302.89.wav	qa-consens-base-json/pa-048__doncs__302_89.json	1	sí	"[{""start"":303.33,""end"":303.78999999999996,""p_min"":0.153288,""text"":""doncs""}]"
pa-065	doncs	157.49-162.27	clips/pa-065__doncs__157.49.wav	qa-consens-base-json/pa-065__doncs__157_49.json	1	sí	"[{""start"":159.73000000000002,""end"":159.76000000000002,""p_min"":0.546565,""text"":""doncs""}]"
pa-001	perquè	59.57-63.31	clips/pa-001__perqu__59.57.wav	qa-consens-base-json/pa-001__perqu__59_57.json	1	sí	"[{""start"":60.3,""end"":60.78,""p_min"":0.573072,""text"":""perquè""}]"
pa-002	perquè	18.25-23.75	clips/pa-002__perqu__18.25.wav	qa-consens-base-json/pa-002__perqu__18_25.json	1	sí	"[{""start"":18.25,""end"":19.15,""p_min"":0.156209,""text"":""perquè""}]"
pa-003	perquè	201.57-207.03	clips/pa-003__perqu__201.57.wav	qa-consens-base-json/pa-003__perqu__201_57.json	1	sí	"[{""start"":201.57,""end"":201.98999999999998,""p_min"":0.135821,""text"":""perquè""}]"
pa-004	perquè	464.09-471.39	clips/pa-004__perqu__464.09.wav	qa-consens-base-json/pa-004__perqu__464_09.json	1	sí	"[{""start"":467.89,""end"":468.63,""p_min"":0.560963,""text"":""perquè""}]"
pa-007	perquè	101.25-107.75	clips/pa-007__perqu__101.25.wav	qa-consens-base-json/pa-007__perqu__101_25.json	1	sí	"[{""start"":101.97,""end"":102.39,""p_min"":0.701945,""text"":""perquè""}]"
pa-009	perquè	349.25-356.75	clips/pa-009__perqu__349.25.wav	qa-consens-base-json/pa-009__perqu__349_25.json	1	sí	"[{""start"":349.89,""end"":350.39,""p_min"":0.786379,""text"":""perquè""}]"
pa-014	perquè	105.85-115.75	clips/pa-014__perqu__105.85.wav	qa-consens-base-json/pa-014__perqu__105_85.json	1	sí	"[{""start"":107.92999999999999,""end"":108.44999999999999,""p_min"":0.450547,""text"":""Perquè""}]"
pa-015	perquè	86.25-92.75	clips/pa-015__perqu__86.25.wav	qa-consens-base-json/pa-015__perqu__86_25.json	1	sí	"[{""start"":87.69,""end"":88.32,""p_min"":0.82765,""text"":""perquè""}]"
pa-016	perquè	79.77-85.39	clips/pa-016__perqu__79.77.wav	qa-consens-base-json/pa-016__perqu__79_77.json	1	sí	"[{""start"":82.36,""end"":82.88,""p_min"":0.78515,""text"":""perquè""}]"
pa-017	perquè	4.25-12.15	clips/pa-017__perqu__4.25.wav	qa-consens-base-json/pa-017__perqu__4_25.json	1	sí	"[{""start"":6.4,""end"":6.85,""p_min"":0.761343,""text"":""perquè""}]"
pa-018	perquè	91.09-96.47	clips/pa-018__perqu__91.09.wav	qa-consens-base-json/pa-018__perqu__91_09.json	1	sí	"[{""start"":91.82000000000001,""end"":92.27000000000001,""p_min"":0.284173,""text"":""perquè""}]"
pa-019	perquè	101.25-105.75	clips/pa-019__perqu__101.25.wav	qa-consens-base-json/pa-019__perqu__101_25.json	1	sí	"[{""start"":101.56,""end"":101.93,""p_min"":0.608099,""text"":""perquè""}]"
pa-020	perquè	9.41-12.91	clips/pa-020__perqu__9.41.wav	qa-consens-base-json/pa-020__perqu__9_41.json	1	sí	"[{""start"":9.9,""end"":10.15,""p_min"":0.443627,""text"":""perquè""}]"
pa-025	perquè	37.17-40.43	clips/pa-025__perqu__37.17.wav	qa-consens-base-json/pa-025__perqu__37_17.json	1	sí	"[{""start"":37.940000000000005,""end"":38.34,""p_min"":0.572883,""text"":""perquè""}]"
pa-026	perquè	150.53-156.67	clips/pa-026__perqu__150.53.wav	qa-consens-base-json/pa-026__perqu__150_53.json	1	sí	"[{""start"":150.95,""end"":151.13,""p_min"":0.560467,""text"":""perquè""}]"
pa-027	perquè	8.81-14.39	clips/pa-027__perqu__8.81.wav	qa-consens-base-json/pa-027__perqu__8_81.json	1	sí	"[{""start"":9.65,""end"":10.24,""p_min"":0.652399,""text"":""perquè""}]"
pa-032	perquè	9.21-15.07	clips/pa-032__perqu__9.21.wav	qa-consens-base-json/pa-032__perqu__9_21.json	1	sí	"[{""start"":9.21,""end"":10.06,""p_min"":0.320391,""text"":""perquè""}]"
pa-035	perquè	181.13-186.35	clips/pa-035__perqu__181.13.wav	qa-consens-base-json/pa-035__perqu__181_13.json	1	sí	"[{""start"":181.89,""end"":182.01999999999998,""p_min"":0.164689,""text"":""perquè""}]"
pa-036	perquè	15.65-20.75	clips/pa-036__perqu__15.65.wav	qa-consens-base-json/pa-036__perqu__15_65.json	1	sí	"[{""start"":18.37,""end"":18.63,""p_min"":0.919921,""text"":""perquè""}]"
pa-037	perquè	186.29-198.91	clips/pa-037__perqu__186.29.wav	qa-consens-base-json/pa-037__perqu__186_29.json	1	sí	"[{""start"":195.04999999999998,""end"":195.64999999999998,""p_min"":0.821374,""text"":""perquè""}]"
pa-038	perquè	279.13-283.51	clips/pa-038__perqu__279.13.wav	qa-consens-base-json/pa-038__perqu__279_13.json	1	sí	"[{""start"":279.55,""end"":279.92,""p_min"":0.438634,""text"":""perquè""}]"
pa-040	perquè	25.21-30.07	clips/pa-040__perqu__25.21.wav	qa-consens-base-json/pa-040__perqu__25_21.json	1	sí	"[{""start"":25.21,""end"":25.720000000000002,""p_min"":0.388129,""text"":""perquè""}]"
pa-041	perquè	69.25-76.75	clips/pa-041__perqu__69.25.wav	qa-consens-base-json/pa-041__perqu__69_25.json	1	sí	"[{""start"":72.97,""end"":73.03,""p_min"":0.284944,""text"":""perquè""}]"
pa-042	perquè	29.13-33.43	clips/pa-042__perqu__29.13.wav	qa-consens-base-json/pa-042__perqu__29_13.json	1	sí	"[{""start"":31.23,""end"":31.57,""p_min"":0.530171,""text"":""perquè""}]"
pa-045	perquè	175.33-183.63	clips/pa-045__perqu__175.33.wav	qa-consens-base-json/pa-045__perqu__175_33.json	1	sí	"[{""start"":178.89000000000001,""end"":179.49,""p_min"":0.320237,""text"":""perquè""}]"
pa-049	perquè	68.85-75.71	clips/pa-049__perqu__68.85.wav	qa-consens-base-json/pa-049__perqu__68_85.json	1	sí	"[{""start"":74.27,""end"":74.55999999999999,""p_min"":0.892772,""text"":""perquè""}]"
pa-051	perquè	123.85-128.35	clips/pa-051__perqu__123.85.wav	qa-consens-base-json/pa-051__perqu__123_85.json	1	sí	"[{""start"":123.89999999999999,""end"":124.30999999999999,""p_min"":0.362622,""text"":""Perquè""}]"
pa-053	perquè	113.93-120.79	clips/pa-053__perqu__113.93.wav	qa-consens-base-json/pa-053__perqu__113_93.json	1	sí	"[{""start"":115.93,""end"":116.64,""p_min"":0.489504,""text"":""perquè""}]"
pa-054	perquè	80.45-85.43	clips/pa-054__perqu__80.45.wav	qa-consens-base-json/pa-054__perqu__80_45.json	1	sí	"[{""start"":83.17,""end"":83.71000000000001,""p_min"":0.418541,""text"":""perquè""}]"
pa-055	perquè	148.53-153.11	clips/pa-055__perqu__148.53.wav	qa-consens-base-json/pa-055__perqu__148_53.json	1	sí	"[{""start"":150.91,""end"":151.23,""p_min"":0.825004,""text"":""perquè""}]"
pa-056	perquè	31.73-35.07	clips/pa-056__perqu__31.73.wav	qa-consens-base-json/pa-056__perqu__31_73.json	1	sí	"[{""start"":33.78,""end"":33.95,""p_min"":0.474578,""text"":""perquè""}]"
pa-058	perquè	91.09-96.47	clips/pa-058__perqu__91.09.wav	qa-consens-base-json/pa-058__perqu__91_09.json	1	sí	"[{""start"":92.62,""end"":92.98,""p_min"":0.92191,""text"":""perquè""}]"
pa-059	perquè	4.09-12.43	clips/pa-059__perqu__4.09.wav	qa-consens-base-json/pa-059__perqu__4_09.json	1	sí	"[{""start"":6.369999999999999,""end"":6.79,""p_min"":0.521244,""text"":""perquè""}]"
pa-062	perquè	73.97-78.19	clips/pa-062__perqu__73.97.wav	qa-consens-base-json/pa-062__perqu__73_97.json	1	sí	"[{""start"":75.97,""end"":76.32,""p_min"":0.804777,""text"":""perquè""}]"
pa-064	perquè	27.57-33.27	clips/pa-064__perqu__27.57.wav	qa-consens-base-json/pa-064__perqu__27_57.json	1	sí	"[{""start"":30.34,""end"":30.8,""p_min"":0.305256,""text"":""perquè""}]"
pa-065	perquè	129.17-134.51	clips/pa-065__perqu__129.17.wav	qa-consens-base-json/pa-065__perqu__129_17.json	1	sí	"[{""start"":131.17,""end"":131.83999999999997,""p_min"":0.400528,""text"":""perquè""}]"
pa-066	perquè	21.81-26.71	clips/pa-066__perqu__21.81.wav	qa-consens-base-json/pa-066__perqu__21_81.json	1	sí	"[{""start"":25.209999999999997,""end"":25.32,""p_min"":0.420932,""text"":""perquè""}]"
pa-002	a nivell	714.25-724.75	clips/pa-002__a-nivell__714.25.wav	qa-consens-base-json/pa-002__a-nivell__714_25.json	1	sí	"[{""start"":720.69,""end"":722.28,""p_min"":0.309828,""text"":""a nivell""}]"
pa-003	a nivell	180.17-188.79	clips/pa-003__a-nivell__180.17.wav	qa-consens-base-json/pa-003__a-nivell__180_17.json	1	sí	"[{""start"":182.0,""end"":182.85,""p_min"":0.588244,""text"":""a nivell""}]"
pa-016	a nivell	333.81-340.39	clips/pa-016__a-nivell__333.81.wav	qa-consens-base-json/pa-016__a-nivell__333_81.json	1	sí	"[{""start"":337.21,""end"":337.81,""p_min"":0.349684,""text"":""a nivell""}]"
pa-017	a nivell	143.25-149.75	clips/pa-017__a-nivell__143.25.wav	qa-consens-base-json/pa-017__a-nivell__143_25.json	1	sí	"[{""start"":146.57,""end"":146.77,""p_min"":0.769039,""text"":""a nivell""}]"
pa-018	a nivell	188.45-191.87	clips/pa-018__a-nivell__188.45.wav	qa-consens-base-json/pa-018__a-nivell__188_45.json	1	sí	"[{""start"":188.48999999999998,""end"":189.03,""p_min"":0.0199495,""text"":""a nivell""}]"
pa-019	a nivell	122.25-127.75	clips/pa-019__a-nivell__122.25.wav	qa-consens-base-json/pa-019__a-nivell__122_25.json	1	sí	"[{""start"":125.45,""end"":125.87,""p_min"":0.838188,""text"":""a nivell""}]"
pa-024	a nivell	1547.93-1552.91	clips/pa-024__a-nivell__1547.93.wav	qa-consens-base-json/pa-024__a-nivell__1547_93.json	1	sí	"[{""start"":1549.42,""end"":1549.79,""p_min"":0.290498,""text"":""a nivell""}]"
pa-034	a nivell	143.81-148.91	clips/pa-034__a-nivell__143.81.wav	qa-consens-base-json/pa-034__a-nivell__143_81.json	1	sí	"[{""start"":146.67000000000002,""end"":147.41,""p_min"":0.697271,""text"":""a nivell""}]"
pa-036	a nivell	386.45-395.95	clips/pa-036__a-nivell__386.45.wav	qa-consens-base-json/pa-036__a-nivell__386_45.json	1	sí	"[{""start"":393.9,""end"":394.49,""p_min"":0.884005,""text"":""a nivell""}]"
pa-038	a nivell	455.49-460.15	clips/pa-038__a-nivell__455.49.wav	qa-consens-base-json/pa-038__a-nivell__455_49.json	1	sí	"[{""start"":456.28000000000003,""end"":456.82,""p_min"":0.571966,""text"":""a nivell""}]"
pa-045	a nivell	624.85-629.07	clips/pa-045__a-nivell__624.85.wav	qa-consens-base-json/pa-045__a-nivell__624_85.json	1	sí	"[{""start"":627.19,""end"":627.9300000000001,""p_min"":0.662513,""text"":""a nivell""}]"
pa-048	a nivell	435.77-441.27	clips/pa-048__a-nivell__435.77.wav	qa-consens-base-json/pa-048__a-nivell__435_77.json	1	sí	"[{""start"":439.57,""end"":440.01,""p_min"":0.34842,""text"":""a nivell""}]"
pa-058	a nivell	188.37-191.87	clips/pa-058__a-nivell__188.37.wav	qa-consens-base-json/pa-058__a-nivell__188_37.json	1	sí	"[{""start"":188.37,""end"":189.0,""p_min"":0.0264777,""text"":""a nivell""}]"
pa-059	a nivell	142.93-150.35	clips/pa-059__a-nivell__142.93.wav	qa-consens-base-json/pa-059__a-nivell__142_93.json	1	sí	"[{""start"":146.49,""end"":146.93,""p_min"":0.726487,""text"":""a nivell""}]"
pa-061	a nivell	1357.21-1360.71	clips/pa-061__a-nivell__1357.21.wav	qa-consens-base-json/pa-061__a-nivell__1357_21.json	1	sí	"[{""start"":1358.6200000000001,""end"":1359.18,""p_min"":0.695646,""text"":""a nivell""}]"
pa-063	a nivell	1143.61-1148.07	clips/pa-063__a-nivell__1143.61.wav	qa-consens-base-json/pa-063__a-nivell__1143_61.json	1	sí	"[{""start"":1145.26,""end"":1145.8999999999999,""p_min"":0.329793,""text"":""a nivell""}]"
pa-065	a nivell	529.09-536.75	clips/pa-065__a-nivell__529.09.wav	qa-consens-base-json/pa-065__a-nivell__529_09.json	0	no	[]
pa-066	a nivell	25.21-29.71	clips/pa-066__a-nivell__25.21.wav	qa-consens-base-json/pa-066__a-nivell__25_21.json	1	sí	"[{""start"":28.01,""end"":28.3,""p_min"":0.377626,""text"":""a nivell""}]"
pa-003	tirar endavant	361.93-366.63	clips/pa-003__tirar-endavant__361.93.wav	qa-consens-base-json/pa-003__tirar-endavant__361_93.json	1	sí	"[{""start"":362.91,""end"":363.93,""p_min"":0.797688,""text"":""tirar endavant""}]"
pa-029	tirar endavant	56.73-63.23	clips/pa-029__tirar-endavant__56.73.wav	qa-consens-base-json/pa-029__tirar-endavant__56_73.json	1	sí	"[{""start"":61.61,""end"":62.099999999999994,""p_min"":0.624889,""text"":""tirar endavant""}]"
pa-030	tirar endavant	185.61-192.15	clips/pa-030__tirar-endavant__185.61.wav	qa-consens-base-json/pa-030__tirar-endavant__185_61.json	1	sí	"[{""start"":187.08,""end"":188.04000000000002,""p_min"":0.597053,""text"":""tirar endavant""}]"
pa-033	tirar endavant	135.69-141.51	clips/pa-033__tirar-endavant__135.69.wav	qa-consens-base-json/pa-033__tirar-endavant__135_69.json	1	sí	"[{""start"":137.49,""end"":139.07,""p_min"":0.488202,""text"":""tirar endavant""}]"
pa-034	tirar endavant	690.33-695.67	clips/pa-034__tirar-endavant__690.33.wav	qa-consens-base-json/pa-034__tirar-endavant__690_33.json	1	sí	"[{""start"":693.86,""end"":694.6600000000001,""p_min"":0.83469,""text"":""tirar endavant""}]"
pa-041	tirar endavant	102.25-106.75	clips/pa-041__tirar-endavant__102.25.wav	qa-consens-base-json/pa-041__tirar-endavant__102_25.json	1	sí	"[{""start"":102.57,""end"":103.6,""p_min"":0.195959,""text"":""tirar endavant""}]"
pa-056	tirar endavant	185.53-189.19	clips/pa-056__tirar-endavant__185.53.wav	qa-consens-base-json/pa-056__tirar-endavant__185_53.json	1	sí	"[{""start"":187.45,""end"":187.97,""p_min"":0.76871,""text"":""tirar endavant""}]"
pa-057	tirar endavant	56.61-63.15	clips/pa-057__tirar-endavant__56.61.wav	qa-consens-base-json/pa-057__tirar-endavant__56_61.json	1	sí	"[{""start"":61.76,""end"":62.41,""p_min"":0.604634,""text"":""tirar endavant""}]"
pa-059	tirar endavant	49.77-54.87	clips/pa-059__tirar-endavant__49.77.wav	qa-consens-base-json/pa-059__tirar-endavant__49_77.json	1	sí	"[{""start"":50.980000000000004,""end"":52.410000000000004,""p_min"":0.46064,""text"":""tirar endavant""}]"
pa-041	ensenyança	523.25-531.75	clips/pa-041__ensenyan-a__523.25.wav	qa-consens-base-json/pa-041__ensenyan-a__523_25.json	1	sí	"[{""start"":530.25,""end"":530.25,""p_min"":0.536144,""text"":""ensenyança""}]"
pa-022	reformeta	125.53-130.67	clips/pa-022__reformeta__125.53.wav	qa-consens-base-json/pa-022__reformeta__125_53.json	1	sí	"[{""start"":126.33,""end"":127.23,""p_min"":0.908741,""text"":""reformeta""}]"
pa-025	reformeta	1085.53-1091.51	clips/pa-025__reformeta__1085.53.wav	qa-consens-base-json/pa-025__reformeta__1085_53.json	1	sí	"[{""start"":1086.6499999999999,""end"":1087.81,""p_min"":0.465079,""text"":""reformeta""}]"
pa-026	reformeta	138.61-145.67	clips/pa-026__reformeta__138.61.wav	qa-consens-base-json/pa-026__reformeta__138_61.json	1	sí	"[{""start"":142.08,""end"":143.04000000000002,""p_min"":0.978449,""text"":""reformeta""}]"
pa-034	reformeta	191.33-198.59	clips/pa-034__reformeta__191.33.wav	qa-consens-base-json/pa-034__reformeta__191_33.json	1	sí	"[{""start"":197.05,""end"":197.74,""p_min"":0.854386,""text"":""reformeta""}]"
pa-038	reformeta	1821.69-1828.07	clips/pa-038__reformeta__1821.69.wav	qa-consens-base-json/pa-038__reformeta__1821_69.json	1	sí	"[{""start"":1824.92,""end"":1825.66,""p_min"":0.991388,""text"":""reformeta""}]"
pa-055	reformeta	139.05-145.83	clips/pa-055__reformeta__139.05.wav	qa-consens-base-json/pa-055__reformeta__139_05.json	1	sí	"[{""start"":141.9,""end"":142.85000000000002,""p_min"":0.976069,""text"":""reformeta""}]"
