forma	parlant	ocurrencies	segments_temporals	conf_min_segment	prioritat
bé	pa-001	10	49.92-53.60,98.08-100.20,319.92-323.12,389.04-393.36,590.92-595.08,599.36-602.76,614.80-616.84,754.92-759.72	0.035	alta
bé	pa-002	11	349.00-355.00,394.00-399.00,399.00-402.00,850.00-853.00,935.00-940.00,978.00-983.00,1188.00-1192.00,1448.00-1452.00	0.138	alta
bé	pa-003	3	0.00-6.44,241.44-249.52,252.72-257.92	0.053	alta
bé	pa-004	4	320.36-321.84,422.64-425.64,518.00-520.00,815.40-822.12	0.082	alta
bé	pa-005	3	51.84-55.32,176.52-181.56,920.68-925.08	0.121	alta
bé	pa-006	3	152.00-159.00,235.00-239.00,328.00-333.00	0.193	alta
bé	pa-007	1	60.00-66.00	0.688	normal
bé	pa-008	3	62.00-65.00,248.00-253.00,370.00-373.00	0.111	alta
bé	pa-009	2	558.00-561.00,636.00-640.00	0.240	alta
bé	pa-010	3	25.40-30.92,138.40-143.44,523.00-529.00	0.057	alta
bé	pa-011	2	186.32-188.56,246.32-248.88	0.073	alta
bé	pa-012	12	161.00-164.00,197.00-200.00,470.00-476.00,483.00-485.00,485.00-487.00,487.00-489.00,489.00-491.00,491.00-493.00	0.272	alta
bé	pa-013	1	197.40-202.72	0.133	alta
bé	pa-014	8	166.40-180.80,392.20-403.20,501.20-515.20,515.20-523.20,594.20-597.20,645.20-648.20,757.20-765.20,793.20-800.20	0.197	alta
bé	pa-015	3	43.00-48.00,92.00-97.00,504.00-507.00	0.237	alta
bé	pa-016	5	170.80-176.44,469.68-472.24,476.80-480.40,480.40-482.88,571.80-577.56	0.040	alta
bé	pa-017	4	113.00-117.40,405.00-410.00,528.00-536.00,644.00-649.00	0.261	alta
bé	pa-018	6	211.40-214.72,425.48-428.76,1149.64-1152.84,1559.52-1563.08,1563.16-1567.96,2069.52-2072.28	0.066	alta
bé	pa-019	5	196.00-201.00,205.00-207.00,213.00-215.00,573.00-579.00,832.00-835.00	0.332	alta
bé	pa-020	22	147.12-151.56,248.12-251.28,255.76-259.04,308.52-311.04,311.12-313.48,354.36-356.36,358.80-362.92,382.52-385.36	0.025	alta
bé	pa-021	15	258.36-262.84,334.48-337.44,379.36-381.80,383.52-387.56,390.80-396.52,396.60-400.96,405.12-409.44,448.20-451.60	0.034	alta
bé	pa-022	4	271.20-274.60,348.44-352.00,713.76-718.36,725.56-731.76	0.058	alta
bé	pa-023	2	410.12-412.72,416.60-419.24	0.173	alta
bé	pa-024	8	176.04-180.04,544.84-550.80,873.44-875.36,956.48-959.04,960.00-965.72,1732.64-1736.48,1983.32-1985.52,1995.60-1998.60	0.025	alta
bé	pa-025	3	1024.52-1026.92,1154.68-1157.28,1392.96-1399.92	0.147	alta
bé	pa-026	22	100.72-102.72,227.80-233.16,233.24-235.48,357.60-361.08,379.20-381.20,464.88-468.24,486.28-489.12,676.36-678.36	0.034	alta
bé	pa-027	6	31.72-35.80,100.36-106.44,273.40-277.00,446.60-451.56,715.32-719.00,793.64-798.92	0.047	alta
bé	pa-028	3	183.24-186.64,235.72-240.36,266.08-270.72	0.064	alta
bé	pa-029	14	43.72-46.04,62.56-67.64,204.40-208.40,368.60-371.60,435.44-437.76,437.84-442.40,608.68-612.76,715.16-718.76	0.052	alta
bé	pa-030	8	437.20-440.88,537.92-543.12,606.80-612.88,680.32-685.16,843.44-847.48,855.44-857.44,1002.12-1005.96,1026.52-1031.00	0.033	alta
bé	pa-031	2	329.88-332.32,519.12-522.28	0.074	alta
bé	pa-032	3	271.16-274.20,299.64-304.84,308.80-311.60	0.044	alta
bé	pa-033	2	103.84-106.68,197.84-201.44	0.078	alta
bé	pa-034	25	19.60-22.40,83.00-86.84,173.48-177.04,192.08-197.84,276.04-278.56,316.48-319.76,354.72-359.40,458.76-463.08	0.035	alta
bé	pa-035	3	716.56-719.56,902.24-906.48,1017.16-1021.96	0.071	alta
bé	pa-036	4	70.20-74.40,109.40-115.60,526.00-528.00,577.00-585.00	0.184	alta
bé	pa-037	5	106.04-124.04,198.16-212.28,246.32-254.40,290.96-306.60,306.60-317.00	0.025	alta
bé	pa-038	25	27.52-30.96,38.20-41.36,160.28-162.68,221.44-226.04,264.88-269.08,299.36-304.36,341.36-347.96,370.00-375.40	0.021	alta
bé	pa-039	8	28.52-31.28,125.20-128.16,333.68-338.40,368.36-372.16,395.32-398.84,398.92-400.92,446.96-451.48,544.24-546.24	0.049	alta
bé	pa-040	2	33.56-37.88,72.88-75.00	0.070	alta
bé	pa-041	3	131.00-137.00,265.00-271.00,550.00-554.00	0.140	alta
bé	pa-045	8	84.24-90.68,280.12-283.68,463.84-467.80,500.68-505.48,966.20-971.16,1431.72-1434.72,1444.80-1446.80,1446.88-1448.88	0.020	alta
bé	pa-046	11	349.56-351.80,371.20-378.32,534.96-537.96,538.04-540.04,843.24-846.40,953.24-956.40,964.48-966.68,966.76-969.32	0.053	alta
bé	pa-048	2	496.48-502.08,611.36-615.00	0.090	alta
bé	pa-049	10	74.96-81.88,281.56-286.96,286.96-293.00,293.00-299.04,312.68-321.56,339.20-350.12,898.00-901.00,1095.00-1098.00	0.024	alta
bé	pa-053	1	91.56-95.16	0.144	alta
bé	pa-054	4	129.52-133.68,172.40-176.16,193.00-198.96,222.08-224.84	0.110	alta
bé	pa-055	15	359.32-361.32,377.60-380.84,484.64-487.52,487.60-489.32,676.40-680.20,865.96-867.96,1043.00-1044.76,1140.52-1144.32	0.018	alta
bé	pa-056	8	437.24-440.72,540.96-542.96,603.76-612.96,680.12-683.60,843.40-847.32,855.44-857.72,999.96-1006.12,1026.28-1029.64	0.016	alta
bé	pa-057	11	204.32-208.28,277.60-283.04,368.20-372.40,435.28-442.28,608.52-612.64,715.32-718.92,794.16-796.28,997.36-1004.36	0.043	alta
bé	pa-058	6	211.36-214.64,319.52-323.96,425.48-428.60,1562.64-1567.72,1696.12-1701.36,2069.28-2071.88	0.099	alta
bé	pa-059	5	113.16-117.52,404.48-406.76,529.20-533.12,644.32-648.68,858.08-860.92	0.063	alta
bé	pa-060	1	416.48-419.16	0.079	alta
bé	pa-061	6	663.64-666.68,795.92-800.32,910.08-911.60,1040.08-1042.48,1220.48-1226.00,1272.20-1274.96	0.012	alta
bé	pa-062	4	402.36-405.72,1054.16-1056.16,1096.00-1099.64,1319.56-1321.24	0.074	alta
bé	pa-063	12	106.72-109.60,542.36-545.68,593.84-595.84,670.76-673.76,1006.88-1009.44,1088.84-1092.24,1169.80-1172.80,1174.08-1176.16	0.014	alta
bé	pa-064	6	98.68-103.36,235.56-242.68,482.96-485.56,1143.52-1147.40,1267.00-1269.16,1336.52-1344.64	0.028	alta
bé	pa-065	6	139.32-143.92,279.56-285.76,396.08-401.16,1085.96-1089.96,1181.60-1185.56,1371.40-1374.12	0.019	alta
bé	pa-066	3	10.88-14.96,416.58-421.94,543.18-546.46	0.082	alta
de fet	pa-001	1	69.24-71.24	0.237	alta
de fet	pa-002	6	73.00-76.00,240.00-242.00,633.00-638.00,993.00-1000.00,2136.00-2140.00,2313.00-2317.00	0.066	alta
de fet	pa-003	1	0.00-6.44	0.053	alta
de fet	pa-004	2	601.92-606.60,721.32-723.64	0.068	alta
de fet	pa-006	2	286.00-291.00,540.00-543.00	0.416	alta
de fet	pa-008	1	800.00-804.00	0.468	alta
de fet	pa-010	3	648.00-652.00,846.00-852.00,1028.00-1032.00	0.234	alta
de fet	pa-011	1	558.00-560.56	0.319	alta
de fet	pa-016	2	319.28-323.28,712.12-717.56	0.032	alta
de fet	pa-022	1	420.96-423.96	0.113	alta
de fet	pa-023	2	73.24-77.56,571.52-573.80	0.033	alta
de fet	pa-024	2	483.00-488.32,1659.32-1662.20	0.042	alta
de fet	pa-025	2	891.60-893.56,910.00-913.32	0.055	alta
de fet	pa-027	3	110.20-114.36,162.60-165.72,172.44-174.76	0.161	alta
de fet	pa-028	1	31.92-36.32	0.093	alta
de fet	pa-031	1	10.68-13.48	0.133	alta
de fet	pa-033	1	250.44-251.80	0.056	alta
de fet	pa-040	1	70.92-72.76	0.076	alta
de fet	pa-051	1	201.56-204.56	0.057	alta
de fet	pa-057	1	562.00-568.32	0.132	alta
de fet	pa-060	2	73.32-77.60,571.52-576.40	0.114	alta
de fet	pa-065	1	884.72-887.96	0.130	alta
de fet	pa-066	1	45.12-48.96	0.088	alta
és a dir	pa-001	1	891.72-893.72	0.024	alta
és a dir	pa-002	24	13.00-17.00,45.00-48.00,85.00-88.00,103.00-106.00,163.00-167.00,201.00-203.00,254.00-259.00,364.00-368.00	0.066	alta
és a dir	pa-003	11	65.80-69.76,88.44-96.04,126.04-130.72,298.76-305.36,322.20-328.24,356.64-362.68,365.88-371.96,380.36-389.32	0.033	alta
és a dir	pa-007	2	685.00-687.00,744.00-747.00	0.258	alta
és a dir	pa-008	2	1111.00-1114.00,1226.00-1232.00	0.325	alta
és a dir	pa-010	10	244.00-248.80,248.80-251.20,259.20-261.00,298.60-302.80,330.80-332.00,350.20-354.60,541.00-546.00,559.00-565.00	0.132	alta
és a dir	pa-011	1	48.84-53.92	0.095	alta
és a dir	pa-013	2	579.92-586.00,594.08-602.08	0.108	alta
és a dir	pa-014	10	96.20-106.60,166.40-180.80,216.60-229.00,454.20-462.20,563.20-574.20,584.20-594.20,637.20-645.20,659.20-674.20	0.074	alta
és a dir	pa-016	2	86.72-89.84,462.28-466.52	0.071	alta
és a dir	pa-017	1	488.00-494.00	0.227	alta
és a dir	pa-018	3	75.24-79.08,1641.88-1645.84,2214.04-2219.32	0.089	alta
és a dir	pa-019	6	57.00-60.00,310.00-312.00,366.00-369.00,541.00-548.00,548.00-551.00,861.00-865.00	0.106	alta
és a dir	pa-021	10	33.04-37.80,119.36-121.20,143.00-147.00,215.08-219.32,228.36-231.84,369.40-373.00,495.76-499.68,528.84-533.84	0.033	alta
és a dir	pa-022	1	12.24-17.16	0.102	alta
és a dir	pa-023	4	207.92-212.80,286.64-290.16,397.08-402.76,455.32-458.00	0.046	alta
és a dir	pa-024	5	79.24-83.64,313.04-317.84,397.96-401.64,1565.80-1567.32,1690.48-1693.52	0.017	alta
és a dir	pa-025	7	65.36-70.20,282.24-289.92,505.76-510.12,901.88-905.44,1302.40-1306.32,1306.40-1308.60,1771.40-1773.40	0.059	alta
és a dir	pa-026	1	64.84-67.64	0.041	alta
és a dir	pa-027	6	186.36-192.12,195.16-196.60,294.20-298.04,562.92-565.72,569.72-574.44,878.76-884.28	0.020	alta
és a dir	pa-029	3	20.92-25.20,777.20-779.88,824.88-827.28	0.038	alta
és a dir	pa-030	10	193.88-198.68,243.56-247.20,269.76-276.36,292.04-295.76,486.08-489.08,504.48-506.48,523.40-526.92,687.32-692.16	0.061	alta
és a dir	pa-033	4	40.04-43.52,191.44-195.48,210.52-212.88,229.12-232.84	0.071	alta
és a dir	pa-034	3	319.84-322.72,361.68-364.16,1142.52-1144.24	0.080	alta
és a dir	pa-035	1	583.04-589.00	0.029	alta
és a dir	pa-039	1	209.80-215.36	0.019	alta
és a dir	pa-041	2	260.00-265.00,323.00-328.00	0.217	alta
és a dir	pa-043	1	108.00-111.00	0.123	alta
és a dir	pa-046	4	136.36-139.32,267.88-270.60,279.92-281.92,642.64-644.64	0.078	alta
és a dir	pa-048	1	1131.36-1134.56	0.052	alta
és a dir	pa-049	1	908.00-911.00	0.540	alta
és a dir	pa-055	1	64.64-67.84	0.032	alta
és a dir	pa-056	10	8.20-10.12,193.84-198.32,243.40-247.04,269.56-271.56,291.92-295.80,485.72-488.84,503.96-506.56,523.44-527.04	0.031	alta
és a dir	pa-057	1	20.64-24.76	0.168	alta
és a dir	pa-058	3	75.16-79.12,1641.76-1646.84,2213.76-2218.76	0.040	alta
és a dir	pa-059	1	488.56-490.92	0.271	alta
és a dir	pa-060	4	208.08-212.88,284.20-290.16,396.96-402.72,455.12-457.80	0.046	alta
és a dir	pa-062	2	974.40-979.56,1069.80-1074.80	0.023	alta
és a dir	pa-064	7	259.36-264.28,349.20-353.20,406.32-409.84,658.00-661.84,993.84-997.12,1135.08-1140.24,1205.16-1208.92	0.021	alta
és a dir	pa-065	7	222.04-225.40,333.08-335.80,678.24-680.48,916.08-917.92,934.00-936.80,1332.76-1334.76,1433.12-1436.80	0.036	alta
aleshores	pa-001	23	10.88-12.88,79.24-82.56,144.76-149.92,207.76-212.24,317.56-319.84,366.08-369.60,373.76-375.76,481.08-484.68	0.048	alta
aleshores	pa-003	2	19.44-22.44,202.32-206.28	0.064	alta
aleshores	pa-006	1	514.00-518.00	0.527	alta
aleshores	pa-008	1	1316.00-1319.00	0.327	alta
aleshores	pa-011	4	90.08-94.32,101.84-106.00,213.04-216.64,231.68-235.28	0.127	alta
aleshores	pa-012	3	247.00-250.00,609.00-613.00,687.00-690.00	0.060	alta
aleshores	pa-014	2	120.60-128.00,369.20-381.20	0.129	alta
aleshores	pa-021	2	13.00-16.12,181.20-184.24	0.044	alta
aleshores	pa-025	5	362.68-367.44,955.56-959.92,1328.56-1331.64,1463.60-1471.84,1776.52-1782.24	0.038	alta
aleshores	pa-030	2	393.16-397.16,600.96-603.72	0.042	alta
aleshores	pa-031	7	54.84-57.16,327.80-329.80,399.84-403.20,467.52-470.88,480.60-486.04,497.84-499.56,538.52-542.72	0.027	alta
aleshores	pa-032	2	79.84-86.44,294.00-299.56	0.065	alta
aleshores	pa-045	1	1194.16-1197.16	0.271	alta
aleshores	pa-046	4	528.32-531.80,729.12-731.96,799.40-802.12,978.16-981.20	0.078	alta
aleshores	pa-048	2	701.80-706.92,1316.72-1320.92	0.055	alta
aleshores	pa-049	2	111.04-117.92,759.00-762.00	0.081	alta
aleshores	pa-056	3	393.88-397.08,564.72-567.44,600.72-603.68	0.082	alta
aleshores	pa-060	3	147.92-150.72,150.80-156.32,160.52-164.24	0.046	alta
aleshores	pa-063	4	152.20-154.48,154.56-159.16,378.16-381.56,867.36-869.44	0.088	alta
aleshores	pa-065	15	171.44-173.96,320.00-323.40,401.24-403.84,414.88-417.60,513.24-516.44,666.36-670.76,781.56-784.08,822.68-825.60	0.027	alta
evidentment	pa-001	1	1068.44-1070.44	0.360	alta
evidentment	pa-002	10	206.00-209.00,497.00-504.00,633.00-638.00,1196.00-1199.00,1474.00-1478.00,1482.00-1485.00,1621.00-1625.00,1747.00-1751.00	0.082	alta
evidentment	pa-003	4	159.56-164.44,223.64-227.80,466.92-470.92,478.56-484.24	0.033	alta
evidentment	pa-004	1	523.68-527.40	0.082	alta
evidentment	pa-006	2	125.00-131.00,458.00-464.00	0.064	alta
evidentment	pa-007	1	779.00-783.00	0.546	alta
evidentment	pa-009	1	948.00-951.00	0.242	alta
evidentment	pa-011	1	158.40-162.96	0.162	alta
evidentment	pa-013	1	531.04-539.52	0.145	alta
evidentment	pa-014	7	29.40-36.80,208.00-216.60,258.00-268.40,308.60-315.20,648.20-659.20,674.20-686.20,862.20-869.20	0.042	alta
evidentment	pa-016	3	457.60-462.28,528.20-534.24,672.36-683.08	0.217	alta
evidentment	pa-017	3	153.00-161.00,488.00-494.00,564.00-569.00	0.177	alta
evidentment	pa-019	4	94.00-97.00,220.00-224.00,247.00-249.00,638.00-641.00	0.090	alta
evidentment	pa-020	7	118.32-121.52,179.12-181.92,573.00-577.92,703.04-706.08,1015.80-1018.92,1152.92-1155.68,1238.64-1242.52	0.038	alta
evidentment	pa-021	6	212.16-215.00,322.44-324.36,351.76-356.72,679.60-686.16,789.20-792.72,908.36-911.76	0.088	alta
evidentment	pa-022	2	303.76-308.84,603.64-608.00	0.071	alta
evidentment	pa-024	2	519.64-522.76,1263.24-1268.12	0.042	alta
evidentment	pa-025	4	1157.36-1159.56,1268.44-1271.32,1449.68-1454.44,1629.92-1632.84	0.063	alta
evidentment	pa-026	1	1649.56-1653.08	0.103	alta
evidentment	pa-027	1	174.84-177.48	0.094	alta
evidentment	pa-030	4	44.28-47.88,595.60-598.80,626.64-631.56,972.68-975.28	0.086	alta
evidentment	pa-035	1	473.68-481.04	0.047	alta
evidentment	pa-036	4	203.60-211.20,528.00-536.00,562.00-567.00,585.00-589.00	0.234	alta
evidentment	pa-039	1	184.92-187.92	0.194	alta
evidentment	pa-040	1	104.68-106.20	0.077	alta
evidentment	pa-041	1	354.00-360.00	0.446	alta
evidentment	pa-045	12	290.88-297.56,300.32-304.72,376.84-379.44,408.96-411.80,425.92-429.40,884.12-887.44,945.60-948.72,991.12-997.20	0.052	alta
evidentment	pa-046	3	706.44-710.28,796.64-799.32,959.00-960.60	0.080	alta
evidentment	pa-049	2	117.92-125.76,626.80-628.80	0.347	alta
evidentment	pa-055	1	1644.76-1650.56	0.010	alta
evidentment	pa-056	4	44.20-47.84,595.52-598.76,624.36-631.56,974.24-979.20	0.088	alta
evidentment	pa-059	3	152.88-161.28,491.00-493.64,563.24-565.24	0.081	alta
evidentment	pa-061	2	673.44-676.68,1155.00-1159.32	0.094	alta
evidentment	pa-062	4	164.04-165.92,482.12-488.12,941.24-944.68,959.88-963.00	0.078	alta
evidentment	pa-064	1	486.64-490.96	0.075	alta
evidentment	pa-066	2	90.50-94.66,205.46-207.78	0.045	alta
diguem	pa-003	1	213.60-218.76	0.133	alta
diguem	pa-006	1	531.00-535.00	0.274	alta
diguem	pa-007	1	586.00-591.00	0.342	alta
diguem	pa-008	1	375.00-379.00	0.267	alta
diguem	pa-009	1	61.00-66.00	0.583	normal
diguem	pa-018	2	716.24-720.44,970.56-976.16	0.344	alta
diguem	pa-019	4	110.00-113.00,697.00-702.00,728.00-731.00,749.00-754.00	0.265	alta
diguem	pa-020	1	1460.52-1463.20	0.119	alta
diguem	pa-022	1	448.32-452.80	0.106	alta
diguem	pa-023	1	55.80-60.20	0.083	alta
diguem	pa-025	3	501.64-505.68,1115.24-1119.52,1962.16-1965.80	0.036	alta
diguem	pa-027	1	58.52-62.52	0.038	alta
diguem	pa-028	1	169.64-173.40	0.067	alta
diguem	pa-029	1	930.44-934.76	0.116	alta
diguem	pa-033	3	49.76-55.16,117.64-121.00,232.92-239.36	0.122	alta
diguem	pa-034	1	505.20-507.76	0.056	alta
diguem	pa-037	1	470.52-481.28	0.055	alta
diguem	pa-038	3	252.00-259.80,1640.52-1647.12,1835.08-1839.56	0.022	alta
diguem	pa-039	2	145.12-152.20,289.76-294.32	0.081	alta
diguem	pa-046	2	626.76-629.44,1036.44-1040.48	0.044	alta
diguem	pa-049	1	213.88-219.68	0.070	alta
diguem	pa-057	1	930.56-934.56	0.254	alta
diguem	pa-058	2	715.96-718.16,971.72-975.80	0.062	alta
diguem	pa-060	1	55.80-60.16	0.089	alta
diguem	pa-062	2	192.12-196.28,1301.80-1305.60	0.096	alta
crec	pa-001	2	98.08-100.20,1014.92-1019.16	0.108	alta
crec	pa-002	11	249.00-254.00,765.00-774.00,826.00-834.00,1084.00-1089.00,1456.00-1461.00,1560.00-1565.00,1805.00-1809.00,1910.00-1915.00	0.137	alta
crec	pa-003	5	0.00-6.44,65.80-69.76,260.84-265.16,445.68-452.64,496.20-500.32	0.053	alta
crec	pa-010	1	1034.00-1036.00	0.695	normal
crec	pa-014	1	154.00-159.80	0.226	alta
crec	pa-016	1	93.92-100.08	0.258	alta
crec	pa-018	15	8.24-12.08,647.16-652.16,877.68-884.20,1110.36-1115.72,1155.12-1157.56,1222.52-1226.44,1346.32-1350.56,1355.88-1359.28	0.056	alta
crec	pa-019	23	28.00-31.00,76.00-80.00,88.00-91.00,107.00-110.00,154.00-156.00,156.00-158.00,170.00-175.00,175.00-178.00	0.146	alta
crec	pa-021	5	116.28-119.28,631.88-635.88,665.40-668.40,900.00-903.08,931.32-933.92	0.031	alta
crec	pa-022	6	244.48-248.68,267.32-271.12,411.64-415.24,415.32-418.16,608.08-611.12,629.72-633.28	0.085	alta
crec	pa-023	4	43.68-49.48,353.60-357.56,492.16-497.04,502.72-504.80	0.063	alta
crec	pa-024	24	368.76-371.88,435.88-440.00,591.52-594.64,609.84-611.88,628.04-630.52,707.40-710.84,714.48-719.88,1112.32-1115.84	0.017	alta
crec	pa-025	13	5.00-8.36,463.52-467.00,608.76-615.64,691.16-695.36,1072.76-1077.60,1668.88-1672.72,1692.84-1695.56,1906.16-1911.80	0.022	alta
crec	pa-027	16	9.56-13.64,39.80-42.00,156.76-162.52,255.00-260.12,268.04-273.32,368.12-371.24,378.28-382.04,398.20-401.80	0.030	alta
crec	pa-030	2	347.20-352.24,1133.52-1138.88	0.022	alta
crec	pa-031	2	87.76-91.88,582.24-585.24	0.033	alta
crec	pa-034	1	652.40-656.52	0.096	alta
crec	pa-035	2	873.52-879.16,902.24-906.48	0.054	alta
crec	pa-037	1	425.36-437.24	0.096	alta
crec	pa-038	4	221.44-226.04,393.92-398.76,739.20-742.52,748.92-755.24	0.094	alta
crec	pa-039	4	91.60-95.20,118.92-125.12,372.24-374.92,617.16-623.92	0.072	alta
crec	pa-040	1	5.12-7.04	0.015	alta
crec	pa-041	7	57.00-62.00,62.00-70.00,87.00-91.00,131.00-137.00,278.00-285.00,347.00-354.00,512.00-519.00	0.140	alta
crec	pa-042	1	32.76-36.60	0.054	alta
crec	pa-043	3	103.00-108.00,111.00-116.00,128.00-132.00	0.307	alta
crec	pa-045	5	241.36-244.88,286.72-290.80,1226.04-1228.04,1273.68-1275.68,1493.76-1496.76	0.041	alta
crec	pa-046	17	209.16-211.72,218.64-222.52,329.84-332.24,468.28-472.16,485.08-488.48,494.28-498.12,507.76-510.28,531.88-534.88	0.045	alta
crec	pa-048	3	111.72-116.52,137.60-139.60,1116.12-1121.12	0.111	alta
crec	pa-049	2	372.60-382.76,1027.00-1032.00	0.078	alta
crec	pa-051	1	209.32-212.64	0.030	alta
crec	pa-056	2	347.80-352.28,1133.52-1138.88	0.042	alta
crec	pa-058	15	7.44-11.96,648.92-652.08,877.52-880.92,1110.24-1115.52,1153.68-1157.52,1222.32-1234.12,1343.36-1350.48,1350.48-1359.28	0.043	alta
crec	pa-060	5	42.80-49.44,321.44-324.48,353.20-357.64,492.12-497.00,502.72-504.72	0.070	alta
crec	pa-061	3	429.60-434.88,1298.20-1300.80,1498.72-1502.60	0.105	alta
crec	pa-062	1	1038.64-1040.72	0.037	alta
crec	pa-063	15	759.56-762.48,772.52-776.40,954.00-955.52,992.60-996.12,1127.44-1130.40,1136.24-1138.68,1144.36-1147.32,1162.40-1163.92	0.064	alta
crec	pa-064	1	1336.52-1344.64	0.068	alta
crec	pa-065	2	1277.60-1280.92,1347.32-1351.16	0.037	alta
crec	pa-066	3	220.38-226.38,248.38-255.18,533.10-537.50	0.156	alta
bueno	pa-001	2	207.76-212.24,859.12-863.88	0.045	alta
bueno	pa-002	11	434.00-440.00,551.00-556.00,659.00-664.00,684.00-689.00,1289.00-1293.00,1311.00-1314.00,1667.00-1672.00,1992.00-1995.00	0.061	alta
bueno	pa-003	1	227.80-234.96	0.047	alta
bueno	pa-007	1	476.00-480.00	0.158	alta
bueno	pa-008	1	970.00-973.00	0.336	alta
bueno	pa-016	4	93.92-100.08,263.16-266.64,434.04-437.80,625.08-634.40	0.086	alta
bueno	pa-017	2	824.00-829.00,858.00-865.00	0.084	alta
bueno	pa-018	49	23.96-28.16,201.32-204.56,214.80-216.72,270.60-272.40,319.56-321.28,324.16-326.08,422.40-425.40,451.52-455.84	0.031	alta
bueno	pa-019	3	329.00-333.00,359.00-363.00,509.00-512.00	0.222	alta
bueno	pa-020	22	14.32-18.72,30.64-34.12,53.28-56.52,86.52-90.48,245.60-248.04,378.64-382.44,480.28-485.64,542.12-544.72	0.029	alta
bueno	pa-021	11	13.00-16.12,50.60-55.92,56.00-61.12,143.00-147.00,292.20-299.48,387.64-390.72,414.56-417.32,440.80-443.60	0.041	alta
bueno	pa-022	12	123.60-126.20,143.32-146.84,172.12-174.12,210.48-212.96,286.40-289.08,430.44-435.12,468.48-473.40,473.48-475.48	0.057	alta
bueno	pa-023	3	97.56-99.60,230.92-234.68,545.84-548.48	0.035	alta
bueno	pa-024	23	148.04-151.32,233.52-237.16,333.08-337.48,374.60-377.36,459.96-464.88,525.96-529.12,868.12-873.36,886.04-888.68	0.006	alta
bueno	pa-025	8	910.00-913.32,1261.88-1264.96,1387.84-1392.88,1434.04-1438.88,1679.96-1684.28,1736.48-1739.24,1806.64-1811.56,1874.76-1880.44	0.048	alta
bueno	pa-026	24	195.64-200.00,379.20-381.20,480.04-482.04,484.20-486.20,507.32-510.32,650.32-653.32,662.32-666.20,866.00-868.00	0.034	alta
bueno	pa-027	7	35.88-39.72,42.08-46.92,395.88-398.12,427.16-430.68,440.60-443.32,490.84-493.96,712.12-715.24	0.081	alta
bueno	pa-028	12	29.12-31.84,39.12-42.92,90.40-92.40,163.36-169.56,179.24-183.16,212.36-216.08,235.72-240.36,316.48-320.60	0.022	alta
bueno	pa-029	2	721.44-723.44,1130.04-1136.16	0.153	alta
bueno	pa-030	3	459.80-462.32,564.72-567.52,571.40-573.40	0.083	alta
bueno	pa-031	13	112.48-114.92,129.16-131.24,165.04-167.72,216.96-219.64,222.40-225.60,287.40-290.40,318.76-320.76,374.08-376.64	0.019	alta
bueno	pa-032	3	45.48-49.88,331.00-334.12,395.32-399.96	0.065	alta
bueno	pa-034	26	34.56-38.32,69.08-71.08,86.92-90.56,101.28-104.68,125.40-127.60,131.76-137.20,219.16-223.16,247.96-252.16	0.045	alta
bueno	pa-035	1	196.24-201.36	0.020	alta
bueno	pa-036	3	77.00-83.40,203.60-211.20,405.20-410.60	0.164	alta
bueno	pa-037	4	106.04-124.04,225.64-238.08,254.40-265.00,437.24-449.00	0.051	alta
bueno	pa-038	1	875.36-877.36	0.067	alta
bueno	pa-039	1	531.64-536.48	0.182	alta
bueno	pa-041	3	166.00-173.00,224.00-227.00,454.00-462.00	0.239	alta
bueno	pa-043	1	0.00-3.00	0.045	alta
bueno	pa-045	6	261.80-270.16,684.72-688.04,725.08-728.08,1068.16-1070.72,1182.44-1184.84,1200.32-1203.32	0.019	alta
bueno	pa-046	15	128.76-130.76,155.28-157.12,188.44-189.96,357.00-360.24,606.36-608.36,621.24-624.60,661.40-664.52,670.08-672.72	0.016	alta
bueno	pa-048	3	227.92-232.28,266.48-269.96,303.64-306.04	0.067	alta
bueno	pa-049	11	269.80-275.08,312.68-321.56,339.20-350.12,480.72-483.80,688.00-691.00,708.00-711.00,725.00-728.00,809.00-813.00	0.037	alta
bueno	pa-051	2	42.72-46.68,254.52-258.56	0.099	alta
bueno	pa-052	1	42.72-46.48	0.066	alta
bueno	pa-054	2	52.44-55.00,99.56-104.52	0.104	alta
bueno	pa-055	25	195.68-199.92,377.60-380.84,463.00-465.12,479.76-481.96,484.64-487.52,502.44-509.44,651.44-654.28,662.56-666.20	0.015	alta
bueno	pa-056	5	459.72-462.08,564.72-567.44,571.44-573.44,1089.00-1091.00,1091.08-1093.72	0.073	alta
bueno	pa-057	1	1129.64-1135.60	0.076	alta
bueno	pa-058	36	23.92-28.16,201.16-204.52,214.72-216.72,270.40-272.28,368.56-372.44,422.28-425.40,706.56-709.76,761.24-763.20	0.035	alta
bueno	pa-059	4	166.92-172.88,332.64-336.56,683.04-685.88,824.24-827.44	0.077	alta
bueno	pa-060	4	150.80-156.32,230.80-234.56,545.96-548.56,571.52-576.40	0.046	alta
bueno	pa-061	12	171.80-173.80,188.56-191.44,322.16-325.04,420.84-424.92,500.24-504.76,653.92-657.16,690.28-697.08,713.28-716.56	0.017	alta
bueno	pa-062	1	297.92-301.28	0.112	alta
bueno	pa-063	1	801.92-803.92	0.122	alta
bueno	pa-065	3	1389.80-1393.00,1466.76-1472.68,1495.84-1500.84	0.054	alta
bueno	pa-066	1	357.98-361.82	0.039	alta
clar	pa-001	5	130.52-133.76,434.80-436.80,793.48-797.20,919.44-922.48,1084.52-1088.24	0.055	alta
clar	pa-002	14	187.00-190.00,292.00-295.00,470.00-474.00,474.00-477.00,659.00-664.00,684.00-689.00,689.00-694.00,746.00-750.00	0.095	alta
clar	pa-003	1	452.64-458.40	0.070	alta
clar	pa-005	3	156.68-159.24,279.84-287.24,291.88-298.12	0.063	alta
clar	pa-006	1	380.00-383.00	0.416	alta
clar	pa-007	1	345.00-349.00	0.549	alta
clar	pa-008	1	842.00-846.00	0.394	alta
clar	pa-009	1	100.00-105.00	0.411	alta
clar	pa-010	5	335.60-338.60,377.00-382.00,382.00-387.00,610.00-615.00,998.00-1002.00	0.040	alta
clar	pa-014	1	979.20-982.20	0.451	alta
clar	pa-016	12	176.44-179.60,315.40-319.28,362.48-367.48,387.76-391.08,394.36-400.40,411.48-416.32,469.68-472.24,589.44-597.20	0.054	alta
clar	pa-017	5	35.20-41.60,55.40-61.20,528.00-536.00,564.00-569.00,569.00-576.00	0.177	alta
clar	pa-018	12	113.48-116.60,1004.40-1011.00,1359.36-1363.48,2192.52-2194.24,2203.44-2208.12,2224.48-2228.00,2304.84-2306.56,2314.92-2320.56	0.040	alta
clar	pa-019	1	416.00-419.00	0.474	alta
clar	pa-020	28	90.56-93.56,116.24-118.24,136.40-138.40,252.96-255.68,308.52-311.04,313.56-316.04,328.92-330.92,480.28-485.64	0.021	alta
clar	pa-021	9	126.64-130.48,155.72-159.16,181.20-184.24,309.24-314.96,337.52-340.72,405.12-409.44,528.84-533.84,621.40-625.92	0.044	alta
clar	pa-022	2	108.48-112.36,619.76-623.96	0.076	alta
clar	pa-024	21	648.84-656.08,740.96-744.24,765.48-768.48,797.12-802.00,802.12-805.04,848.88-851.88,859.72-861.16,948.20-950.84	0.016	alta
clar	pa-025	9	116.84-119.20,429.00-434.04,545.12-549.28,648.92-652.12,1077.68-1081.16,1220.56-1223.56,1308.68-1313.08,1458.56-1463.52	0.021	alta
clar	pa-026	10	7.08-8.92,381.28-385.04,621.64-624.64,705.72-707.72,713.40-715.72,1027.24-1029.92,1614.72-1617.72,1653.16-1655.68	0.033	alta
clar	pa-027	11	35.88-39.72,66.04-68.04,478.04-481.48,569.72-574.44,640.68-642.60,744.52-746.76,766.68-769.24,806.04-809.80	0.101	alta
clar	pa-028	2	291.08-294.40,390.80-395.96	0.074	alta
clar	pa-029	1	359.36-361.36	0.224	alta
clar	pa-030	8	62.64-66.08,114.24-118.20,168.76-172.84,616.24-621.28,912.76-915.36,941.52-943.92,1002.12-1005.96,1083.44-1087.40	0.033	alta
clar	pa-031	4	155.32-158.20,170.40-175.12,181.80-184.88,191.76-195.80	0.064	alta
clar	pa-032	6	156.08-161.40,200.00-205.68,217.52-222.36,240.84-243.72,318.16-323.64,347.12-351.12	0.021	alta
clar	pa-033	1	55.24-56.92	0.122	alta
clar	pa-034	55	55.80-58.96,63.20-66.76,94.80-99.64,120.08-122.88,255.32-257.84,345.36-348.60,361.68-364.16,372.64-376.92	0.039	alta
clar	pa-035	2	224.36-232.84,674.48-680.52	0.052	alta
clar	pa-036	5	137.20-146.40,164.40-170.60,257.60-265.60,538.00-545.00,567.00-574.00	0.139	alta
clar	pa-037	4	187.04-198.16,326.24-338.84,363.20-372.64,372.64-381.12	0.012	alta
clar	pa-038	7	97.16-100.56,456.24-459.40,1269.60-1272.60,1302.20-1307.76,1359.72-1362.36,2053.12-2059.24,2111.56-2113.56	0.052	alta
clar	pa-039	9	46.04-48.96,118.92-125.12,234.40-238.20,263.08-266.52,282.96-286.48,299.16-303.44,395.32-398.84,451.56-455.64	0.031	alta
clar	pa-041	6	0.00-10.00,173.00-180.00,197.00-201.00,278.00-285.00,669.00-679.00,685.00-690.00	0.031	alta
clar	pa-042	12	102.72-105.88,163.00-166.20,187.72-191.08,196.52-198.28,211.68-214.56,214.64-216.96,327.84-331.64,348.68-353.88	0.047	alta
clar	pa-045	7	400.60-405.20,780.32-784.48,973.32-976.64,1079.32-1085.32,1102.12-1104.12,1160.28-1163.28,1289.16-1295.04	0.027	alta
clar	pa-046	12	173.28-176.96,222.60-227.12,317.32-322.00,439.64-443.40,472.24-476.92,514.52-516.52,608.44-611.96,658.16-661.32	0.076	alta
clar	pa-048	1	390.40-391.40	0.055	alta
clar	pa-049	17	382.76-389.36,396.00-399.80,431.16-434.60,434.60-435.60,451.60-456.80,531.08-535.28,582.12-583.12,587.12-589.12	0.070	alta
clar	pa-051	2	162.60-166.32,183.76-186.68	0.070	alta
clar	pa-052	1	60.72-63.92	0.029	alta
clar	pa-055	10	7.04-8.92,380.92-384.80,621.44-623.84,705.88-707.88,712.60-715.68,1025.08-1029.84,1614.68-1617.60,1654.36-1658.44	0.038	alta
clar	pa-056	7	63.20-66.12,113.52-117.36,168.60-172.60,612.96-624.36,940.44-943.92,999.96-1006.12,1083.52-1087.36	0.016	alta
clar	pa-057	1	358.32-363.32	0.027	alta
clar	pa-058	12	113.56-116.52,1004.20-1010.48,1359.28-1363.36,2192.12-2197.48,2203.16-2206.48,2224.32-2227.44,2314.88-2320.56,2439.64-2443.12	0.023	alta
clar	pa-059	5	37.36-41.48,54.20-59.12,533.32-536.00,563.24-565.24,569.24-575.64	0.045	alta
clar	pa-061	7	377.44-381.44,457.76-462.96,478.92-481.88,632.28-637.52,921.56-926.00,1046.80-1050.76,1293.60-1298.12	0.024	alta
clar	pa-062	3	203.12-207.56,925.76-930.44,1344.60-1349.44	0.055	alta
clar	pa-063	3	393.24-396.36,599.08-603.44,910.48-913.40	0.091	alta
clar	pa-064	3	110.72-115.12,127.72-133.40,1185.60-1188.52	0.078	alta
clar	pa-065	13	222.04-225.40,287.76-293.08,320.00-323.40,381.20-384.08,757.76-762.12,774.08-777.20,822.68-825.60,952.52-956.64	0.029	alta
vull dir	pa-001	2	622.12-624.64,972.08-976.24	0.134	alta
vull dir	pa-002	5	173.00-176.00,1268.00-1273.00,1480.00-1482.00,1596.00-1601.00,2611.00-2614.00	0.050	alta
vull dir	pa-004	1	144.20-149.84	0.051	alta
vull dir	pa-014	8	20.40-29.40,180.80-187.80,187.80-195.20,195.20-208.00,208.00-216.60,258.00-268.40,268.40-275.80,275.80-282.80	0.116	alta
vull dir	pa-016	2	323.28-327.08,507.08-511.20	0.175	alta
vull dir	pa-017	5	273.00-279.00,328.00-332.00,504.00-510.00,528.00-536.00,569.00-576.00	0.322	alta
vull dir	pa-020	12	166.20-170.24,387.52-389.92,406.16-410.04,462.88-466.96,606.28-608.64,1088.00-1090.36,1098.32-1101.88,1145.32-1148.16	0.034	alta
vull dir	pa-021	2	315.04-322.36,813.52-817.32	0.088	alta
vull dir	pa-022	4	308.92-311.52,426.64-430.36,566.72-568.88,673.60-678.20	0.038	alta
vull dir	pa-023	19	22.80-25.68,49.56-55.32,118.96-123.36,130.88-135.00,180.28-183.56,183.64-186.24,197.64-201.80,353.60-357.56	0.040	alta
vull dir	pa-025	1	644.48-648.84	0.170	alta
vull dir	pa-026	2	312.52-315.32,1611.40-1614.64	0.053	alta
vull dir	pa-027	5	255.00-260.12,277.08-280.44,344.68-347.00,437.48-440.52,478.04-481.48	0.047	alta
vull dir	pa-030	1	843.44-847.48	0.080	alta
vull dir	pa-031	2	208.52-212.00,533.20-536.36	0.108	alta
vull dir	pa-032	1	390.04-393.04	0.039	alta
vull dir	pa-033	2	57.00-61.88,245.36-247.40	0.059	alta
vull dir	pa-034	140	59.04-60.76,71.16-75.56,77.04-80.84,80.92-82.92,99.72-101.20,120.08-122.88,127.68-129.60,131.76-137.20	0.022	alta
vull dir	pa-036	1	633.00-637.00	0.234	alta
vull dir	pa-037	1	414.76-425.36	0.031	alta
vull dir	pa-038	1	1577.32-1581.64	0.150	alta
vull dir	pa-041	1	265.00-271.00	0.742	normal
vull dir	pa-045	3	780.32-784.48,819.36-821.36,854.04-856.04	0.072	alta
vull dir	pa-048	1	994.44-998.44	0.103	alta
vull dir	pa-049	23	208.84-213.88,223.60-231.20,382.76-389.36,404.36-408.60,431.16-434.60,440.12-444.76,451.60-456.80,589.12-592.60	0.018	alta
vull dir	pa-055	2	312.48-315.16,1612.20-1614.60	0.070	alta
vull dir	pa-056	1	843.40-847.32	0.156	alta
vull dir	pa-058	1	975.88-978.80	0.125	alta
vull dir	pa-059	5	272.56-278.60,327.88-330.80,507.76-510.52,526.84-529.00,565.24-569.24	0.054	alta
vull dir	pa-060	19	21.40-25.60,49.52-55.32,119.00-123.36,130.84-134.92,178.72-181.88,183.88-186.36,197.88-201.88,353.20-357.64	0.023	alta
vull dir	pa-061	2	194.32-199.28,408.52-412.96	0.078	alta
vull dir	pa-062	10	317.56-325.64,325.76-328.60,328.72-331.48,331.60-334.20,334.32-336.64,336.76-339.28,339.40-341.76,341.88-344.36	0.003	alta
vull dir	pa-063	1	823.20-826.76	0.127	alta
vull dir	pa-065	1	1401.80-1403.80	0.365	alta
o sigui	pa-001	10	49.92-53.60,180.04-182.96,302.96-305.56,448.84-454.12,497.44-500.28,579.48-582.56,735.24-737.64,879.40-881.40	0.043	alta
o sigui	pa-005	1	374.08-379.20	0.057	alta
o sigui	pa-006	4	137.00-143.00,316.00-321.00,586.00-593.00,608.00-611.00	0.212	alta
o sigui	pa-009	2	235.00-238.00,413.00-421.00	0.245	alta
o sigui	pa-014	1	659.20-674.20	0.481	alta
o sigui	pa-015	1	105.00-109.00	0.491	alta
o sigui	pa-016	2	312.00-315.40,634.40-642.24	0.131	alta
o sigui	pa-022	1	43.68-48.20	0.098	alta
o sigui	pa-024	2	555.24-564.32,1964.92-1968.16	0.105	alta
o sigui	pa-025	1	1463.60-1471.84	0.160	alta
o sigui	pa-026	4	434.92-436.92,803.36-808.80,1301.76-1303.76,1309.04-1312.80	0.013	alta
o sigui	pa-027	1	362.36-365.96	0.066	alta
o sigui	pa-029	2	243.88-247.88,250.44-253.68	0.058	alta
o sigui	pa-030	1	1017.16-1020.72	0.107	alta
o sigui	pa-034	1	1106.84-1110.00	0.067	alta
o sigui	pa-038	7	17.40-22.12,106.44-109.32,577.12-580.96,581.04-584.76,955.24-958.60,1913.68-1921.08,1947.32-1951.96	0.037	alta
o sigui	pa-040	1	116.48-119.16	0.050	alta
o sigui	pa-045	20	226.92-232.56,241.36-244.88,252.24-254.56,278.04-280.04,304.80-308.80,308.88-312.24,330.40-334.52,374.64-376.76	0.032	alta
o sigui	pa-046	2	231.36-234.48,394.44-398.88	0.090	alta
o sigui	pa-048	1	582.40-585.24	0.102	alta
o sigui	pa-049	8	365.96-372.60,425.72-431.16,549.08-554.52,570.84-575.16,620.48-624.80,643.00-646.00,896.00-898.00,1061.00-1065.00	0.060	alta
o sigui	pa-055	5	434.92-436.92,804.88-808.44,1301.64-1304.00,1308.96-1312.84,1854.12-1858.64	0.035	alta
o sigui	pa-056	1	1017.24-1020.92	0.075	alta
o sigui	pa-057	1	250.20-253.36	0.042	alta
o sigui	pa-059	1	266.88-270.40	0.201	alta
o sigui	pa-061	7	161.80-166.64,185.92-188.48,639.68-644.12,657.24-660.64,765.84-769.36,1109.88-1112.80,1448.44-1453.32	0.037	alta
o sigui	pa-062	4	236.76-240.96,903.48-905.48,997.12-1002.08,1032.72-1035.24	0.087	alta
o sigui	pa-063	6	826.84-830.20,1035.92-1039.48,1326.28-1331.64,1422.80-1424.80,1428.36-1431.04,1487.28-1491.72	0.080	alta
o sigui	pa-064	7	37.48-39.48,138.84-142.04,174.04-176.72,272.84-276.68,312.88-318.20,500.48-504.00,1242.44-1245.44	0.024	alta
o sigui	pa-065	4	192.40-194.40,822.68-825.60,1176.24-1178.28,1187.84-1194.84	0.068	alta
llavors	pa-001	1	837.92-840.36	0.068	alta
llavors	pa-002	13	551.00-556.00,561.00-570.00,579.00-584.00,604.00-611.00,621.00-628.00,628.00-633.00,787.00-794.00,824.00-826.00	0.090	alta
llavors	pa-005	1	434.04-438.52	0.051	alta
llavors	pa-006	3	215.00-220.00,220.00-225.00,447.00-451.00	0.032	alta
llavors	pa-007	1	658.00-663.00	0.592	normal
llavors	pa-009	1	202.00-207.00	0.479	alta
llavors	pa-010	5	387.00-391.00,555.00-559.00,821.00-825.00,956.00-961.00,1020.00-1024.00	0.021	alta
llavors	pa-014	4	229.00-236.60,308.60-315.20,329.40-339.00,584.20-594.20	0.065	alta
llavors	pa-015	1	198.00-204.00	0.284	alta
llavors	pa-016	10	15.80-20.16,51.32-57.44,165.88-170.80,280.08-282.96,370.48-375.16,500.08-504.20,511.20-517.88,562.12-566.04	0.054	alta
llavors	pa-017	2	362.00-368.00,699.00-705.00	0.315	alta
llavors	pa-018	2	1055.84-1058.12,2344.92-2348.08	0.068	alta
llavors	pa-019	1	423.00-427.00	0.302	alta
llavors	pa-022	6	58.12-60.60,78.08-81.80,81.88-85.80,378.48-381.44,522.52-525.76,682.48-685.28	0.031	alta
llavors	pa-023	4	49.56-55.32,89.00-93.16,148.08-151.36,160.56-164.36	0.035	alta
llavors	pa-024	12	337.60-340.52,737.48-739.88,802.12-805.04,868.12-873.36,1193.32-1195.56,1208.76-1211.80,1268.24-1273.16,1318.16-1320.08	0.004	alta
llavors	pa-026	15	81.88-83.88,106.36-109.76,265.04-268.16,325.76-331.12,425.56-429.00,446.32-449.32,546.36-548.36,574.68-576.68	0.015	alta
llavors	pa-027	8	138.68-142.68,154.20-156.68,347.08-349.80,398.20-401.80,411.80-414.76,506.76-509.80,577.56-580.20,635.72-640.60	0.085	alta
llavors	pa-028	3	151.76-155.16,191.68-195.28,206.88-212.28	0.067	alta
llavors	pa-029	8	43.72-46.04,167.52-171.20,224.44-226.44,253.76-256.60,457.68-460.28,559.36-562.64,682.56-685.92,956.64-962.08	0.034	alta
llavors	pa-030	2	158.36-162.40,564.72-567.52	0.097	alta
llavors	pa-032	10	174.88-177.92,205.76-210.88,236.04-240.76,308.80-311.60,323.72-328.12,328.20-330.92,337.00-343.16,343.24-347.04	0.044	alta
llavors	pa-033	1	72.28-75.60	0.114	alta
llavors	pa-034	25	29.92-31.92,63.20-66.76,122.96-125.32,219.16-223.16,395.04-398.72,404.80-407.20,409.36-413.12,420.72-423.88	0.037	alta
llavors	pa-036	1	536.00-538.00	0.400	alta
llavors	pa-037	3	93.28-106.04,145.28-151.84,198.16-212.28	0.024	alta
llavors	pa-038	9	264.88-269.08,1413.36-1418.80,1574.72-1577.24,1725.76-1729.68,1808.36-1811.72,1860.16-1862.36,1872.76-1876.88,2053.12-2059.24	0.019	alta
llavors	pa-041	2	109.00-115.00,573.00-585.00	0.244	alta
llavors	pa-045	10	195.68-199.56,216.96-219.76,322.32-325.16,418.60-421.72,590.84-594.12,764.84-767.52,772.64-775.32,954.44-956.52	0.032	alta
llavors	pa-046	3	381.88-387.44,721.12-725.88,877.20-880.52	0.058	alta
llavors	pa-048	2	1245.72-1248.20,1286.80-1292.48	0.031	alta
llavors	pa-049	12	231.20-238.92,264.64-269.80,275.08-281.56,286.96-293.00,299.04-306.36,306.36-312.68,372.60-382.76,483.80-486.48	0.025	alta
llavors	pa-051	1	48.36-50.36	0.141	alta
llavors	pa-052	1	69.48-72.48	0.045	alta
llavors	pa-053	7	41.48-46.96,66.24-69.96,76.72-78.96,106.88-111.68,168.44-170.88,170.96-174.56,190.00-192.28	0.088	alta
llavors	pa-054	4	157.32-160.76,165.96-169.00,207.88-210.08,224.92-226.12	0.034	alta
llavors	pa-055	13	106.12-109.52,266.12-268.36,325.60-329.88,425.44-429.08,446.24-448.52,545.96-547.64,574.68-577.32,786.84-790.04	0.033	alta
llavors	pa-056	1	158.52-162.36	0.148	alta
llavors	pa-057	7	43.60-47.24,167.56-176.40,224.40-228.68,253.44-256.04,457.48-463.48,559.32-562.00,682.36-686.16	0.023	alta
llavors	pa-058	2	1055.16-1058.60,2344.76-2347.68	0.095	alta
llavors	pa-059	2	362.24-367.64,698.60-705.04	0.100	alta
llavors	pa-060	1	49.52-55.32	0.146	alta
llavors	pa-061	3	381.52-384.40,497.48-500.16,1189.80-1192.16	0.055	alta
llavors	pa-063	5	40.24-44.04,894.32-899.48,1219.80-1222.48,1319.24-1320.72,1385.84-1387.96	0.030	alta
llavors	pa-064	5	714.08-716.40,746.00-749.52,838.36-843.36,924.00-928.00,931.68-934.80	0.036	alta
llavors	pa-065	8	612.88-617.12,749.56-752.52,813.64-815.64,845.56-848.80,936.88-939.88,957.80-960.36,1046.52-1049.88,1152.28-1155.08	0.057	alta
llavors	pa-066	2	16.96-19.60,57.56-62.66	0.052	alta
a veure	pa-001	3	342.32-344.84,767.88-769.68,1073.32-1076.36	0.031	alta
a veure	pa-002	5	127.00-132.00,1022.00-1027.00,1036.00-1042.00,2125.00-2129.00,2211.00-2215.00	0.198	alta
a veure	pa-007	1	90.00-96.00	0.318	alta
a veure	pa-008	2	669.00-673.00,699.00-702.00	0.454	alta
a veure	pa-011	1	552.56-555.52	0.374	alta
a veure	pa-014	1	618.20-637.20	0.193	alta
a veure	pa-016	4	370.48-375.16,437.80-440.88,697.40-705.96,717.56-724.56	0.051	alta
a veure	pa-018	4	826.36-832.80,837.32-843.00,1987.40-1990.80,2553.32-2557.84	0.038	alta
a veure	pa-021	4	109.52-116.20,377.24-379.28,479.28-483.68,660.12-662.64	0.099	alta
a veure	pa-022	2	239.36-244.40,256.80-260.28	0.114	alta
a veure	pa-023	3	269.56-271.84,375.44-380.20,445.28-447.28	0.039	alta
a veure	pa-024	4	591.52-594.64,1906.88-1910.00,2197.28-2198.72,2206.44-2208.88	0.029	alta
a veure	pa-025	4	388.76-394.48,833.20-836.08,1544.40-1549.00,1689.36-1692.76	0.037	alta
a veure	pa-026	8	64.84-67.64,766.84-769.84,1005.00-1008.24,1176.20-1178.20,1331.36-1334.36,1351.12-1353.12,1844.04-1847.04,1990.16-1995.16	0.041	alta
a veure	pa-029	2	18.24-20.84,106.72-110.00	0.058	alta
a veure	pa-030	1	674.16-676.16	0.138	alta
a veure	pa-031	2	5.00-8.32,474.96-478.24	0.101	alta
a veure	pa-032	2	213.20-217.44,418.84-423.24	0.057	alta
a veure	pa-034	7	94.80-99.64,101.28-104.68,337.52-341.92,574.00-577.48,730.80-733.44,747.60-750.00,882.76-885.32	0.045	alta
a veure	pa-035	2	211.84-217.76,517.16-526.12	0.008	alta
a veure	pa-036	1	153.80-159.40	0.358	alta
a veure	pa-038	1	1071.08-1075.68	0.128	alta
a veure	pa-041	6	201.00-205.00,271.00-278.00,347.00-354.00,502.00-512.00,554.00-561.00,573.00-585.00	0.244	alta
a veure	pa-045	1	341.68-345.16	0.069	alta
a veure	pa-048	3	394.68-396.28,1028.64-1030.64,1216.64-1220.80	0.086	alta
a veure	pa-049	1	245.60-251.28	0.083	alta
a veure	pa-054	1	78.72-81.12	0.096	alta
a veure	pa-055	8	64.64-67.84,277.64-279.80,767.96-769.96,1004.96-1009.60,1175.84-1177.36,1331.32-1333.92,1351.00-1353.00,1845.44-1847.44	0.023	alta
a veure	pa-056	3	673.96-675.96,907.80-909.92,1114.80-1118.88	0.062	alta
a veure	pa-057	1	17.72-20.56	0.071	alta
a veure	pa-058	5	829.36-832.80,832.88-842.80,1987.84-1990.24,2032.88-2035.04,2553.40-2555.52	0.047	alta
a veure	pa-060	3	269.32-271.92,375.44-380.24,445.16-447.20	0.052	alta
a veure	pa-061	1	579.92-582.64	0.098	alta
a veure	pa-063	3	402.88-407.28,840.80-844.44,992.60-996.12	0.064	alta
a veure	pa-064	3	588.36-590.92,1077.96-1081.28,1183.60-1185.48	0.008	alta
a veure	pa-065	6	579.00-581.96,742.36-745.00,745.08-747.88,841.80-845.48,1004.92-1009.40,1107.64-1110.88	0.046	alta
aviam	pa-003	1	180.92-188.04	0.171	alta
aviam	pa-014	1	876.20-883.20	0.014	alta
aviam	pa-016	1	730.40-740.44	0.064	alta
aviam	pa-020	2	252.96-255.68,476.16-480.20	0.101	alta
aviam	pa-049	4	898.00-901.00,1182.00-1185.00,1216.00-1219.00,1337.00-1339.00	0.112	alta
doncs	pa-004	9	416.96-422.56,431.44-433.44,447.36-449.36,473.72-475.72,523.68-527.40,559.76-561.76,565.12-569.80,571.96-574.96	0.044	alta
doncs	pa-005	4	71.88-76.36,116.36-120.32,305.76-310.76,481.16-487.08	0.052	alta
doncs	pa-006	3	181.00-187.00,275.00-279.00,586.00-593.00	0.212	alta
doncs	pa-007	6	60.00-66.00,71.00-77.00,168.00-173.00,398.00-403.00,549.00-554.00,576.00-580.00	0.256	alta
doncs	pa-008	16	56.00-59.00,144.00-147.00,200.00-203.00,248.00-253.00,342.00-345.00,495.00-502.00,545.00-549.00,598.00-600.00	0.152	alta
doncs	pa-009	14	140.00-145.00,159.00-164.00,253.00-257.00,356.00-361.00,629.00-633.00,649.00-653.00,682.00-687.00,717.00-722.00	0.150	alta
doncs	pa-010	7	25.40-30.92,404.00-410.00,455.00-462.00,483.00-491.00,579.00-585.00,964.00-970.00,986.00-991.00	0.057	alta
doncs	pa-011	10	62.24-68.32,166.40-169.84,192.40-195.44,235.36-239.52,263.76-266.88,278.24-282.40,357.92-361.92,383.60-386.40	0.064	alta
doncs	pa-012	2	412.00-416.00,454.00-458.00	0.252	alta
doncs	pa-013	6	57.60-61.12,76.08-79.28,100.72-104.44,458.48-466.96,935.28-943.68,996.40-1011.12	0.128	alta
doncs	pa-014	9	180.80-187.80,216.60-229.00,249.20-258.00,268.40-275.80,291.00-299.40,299.40-308.60,308.60-315.20,381.20-392.20	0.141	alta
doncs	pa-015	7	84.00-87.00,135.00-139.00,217.00-219.00,259.00-265.00,267.00-272.00,326.00-328.00,413.00-418.00	0.176	alta
doncs	pa-016	10	63.08-68.68,89.84-93.92,275.04-280.08,293.28-300.64,375.16-379.16,437.80-440.88,443.60-447.48,472.24-476.80	0.051	alta
doncs	pa-017	3	460.00-464.00,627.00-631.00,854.00-858.00	0.241	alta
doncs	pa-018	34	34.28-39.12,201.32-204.56,214.80-216.72,270.60-272.40,319.56-321.28,324.16-326.08,440.24-442.60,455.92-458.48	0.031	alta
doncs	pa-019	1	47.00-49.00	0.177	alta
doncs	pa-020	3	248.12-251.28,520.88-523.28,578.00-583.24	0.089	alta
doncs	pa-021	24	13.00-16.12,16.20-18.92,23.48-27.32,33.04-37.80,50.60-55.92,64.56-67.64,70.40-73.56,80.24-83.28	0.034	alta
doncs	pa-022	3	123.60-126.20,659.40-663.00,699.84-703.40	0.057	alta
doncs	pa-024	6	83.76-113.76,226.28-229.60,453.76-459.88,768.48-771.48,1100.56-1103.64,1581.36-1586.16	0.007	alta
doncs	pa-025	13	60.64-65.28,259.72-267.84,277.36-282.16,329.24-333.80,354.80-359.40,383.60-388.68,608.76-615.64,635.68-640.28	0.022	alta
doncs	pa-026	11	7.08-8.92,100.72-102.72,381.28-385.04,583.00-586.00,662.32-666.20,683.52-689.64,750.16-755.44,956.64-958.64	0.034	alta
doncs	pa-027	10	18.76-23.76,318.12-322.12,500.92-503.40,587.96-591.80,609.08-611.24,644.92-648.44,651.72-656.92,756.12-759.64	0.034	alta
doncs	pa-028	2	330.08-334.04,352.52-356.44	0.092	alta
doncs	pa-029	17	128.36-130.92,230.80-232.96,380.44-385.56,446.88-452.60,463.76-467.32,498.72-502.56,504.92-508.48,669.12-672.88	0.017	alta
doncs	pa-030	7	44.28-47.88,52.04-54.84,186.36-191.40,247.28-250.68,258.52-260.92,478.84-480.84,789.44-791.44	0.055	alta
doncs	pa-031	1	414.80-418.36	0.116	alta
doncs	pa-032	3	22.36-26.48,86.52-92.28,318.16-323.64	0.030	alta
doncs	pa-033	5	7.36-10.04,13.48-17.68,28.80-31.72,49.76-55.16,114.96-117.56	0.092	alta
doncs	pa-034	28	111.28-115.48,115.56-120.00,255.32-257.84,316.48-319.76,463.16-466.76,473.68-476.84,482.68-486.96,489.56-492.32	0.040	alta
doncs	pa-035	2	196.24-201.36,865.00-869.04	0.017	alta
doncs	pa-036	1	368.00-376.00	0.152	alta
doncs	pa-037	3	21.24-27.32,372.64-381.12,425.36-437.24	0.056	alta
doncs	pa-038	2	2008.92-2013.20,2166.68-2170.60	0.020	alta
doncs	pa-039	5	13.52-18.76,20.64-25.04,91.60-95.20,415.56-422.08,633.04-635.56	0.067	alta
doncs	pa-040	1	210.80-214.24	0.095	alta
doncs	pa-041	4	210.00-217.00,217.00-224.00,341.00-347.00,347.00-354.00	0.322	alta
doncs	pa-043	2	16.00-19.00,76.00-82.00	0.326	alta
doncs	pa-045	2	283.76-286.64,966.20-971.16	0.059	alta
doncs	pa-046	16	136.36-139.32,256.76-261.08,598.80-602.56,608.44-611.96,618.20-621.16,661.40-664.52,688.28-692.96,718.76-721.04	0.034	alta
doncs	pa-048	1	303.64-306.04	0.136	alta
doncs	pa-049	1	1093.00-1095.00	0.120	alta
doncs	pa-055	16	7.04-8.92,100.68-102.68,233.76-235.76,380.92-384.80,476.96-479.68,662.56-666.20,683.88-684.88,956.32-959.80	0.050	alta
doncs	pa-056	9	44.20-47.84,186.28-188.44,247.12-250.56,258.32-260.88,380.04-383.28,478.72-481.16,762.60-765.20,789.48-791.48	0.040	alta
doncs	pa-057	10	127.96-130.96,378.80-385.56,446.48-457.48,463.48-468.28,498.56-502.96,670.36-673.36,976.52-982.36,1145.72-1147.80	0.032	alta
doncs	pa-058	29	201.16-204.52,214.72-216.72,270.40-272.28,440.20-442.72,528.20-531.20,601.52-605.08,686.72-691.12,787.60-791.20	0.031	alta
doncs	pa-059	6	246.56-250.04,256.52-260.12,460.52-464.44,626.84-630.84,683.04-685.88,854.24-858.00	0.071	alta
doncs	pa-060	2	178.72-181.88,576.48-579.28	0.042	alta
doncs	pa-061	5	242.84-248.48,393.96-397.96,562.44-564.44,713.28-716.56,988.28-991.60	0.046	alta
doncs	pa-062	3	302.84-306.76,740.44-745.00,1388.40-1390.92	0.089	alta
doncs	pa-063	7	609.80-613.36,670.76-673.76,795.72-801.84,963.24-966.84,1060.24-1061.72,1127.44-1130.40,1413.88-1416.60	0.086	alta
doncs	pa-064	7	457.48-459.68,471.36-474.80,692.08-697.36,1118.28-1121.32,1254.80-1257.32,1269.24-1271.76,1321.80-1325.48	0.040	alta
doncs	pa-065	23	158.24-161.52,171.44-173.96,214.20-217.56,228.32-232.00,401.24-403.84,414.88-417.60,417.68-419.68,450.36-454.68	0.057	alta
perquè	pa-001	20	60.32-62.56,69.24-71.24,84.32-87.08,130.52-133.76,311.44-317.48,330.32-331.68,396.00-398.00,448.84-454.12	0.018	alta
perquè	pa-002	55	19.00-23.00,112.00-116.00,170.00-173.00,200.00-201.00,371.00-374.00,428.00-434.00,448.00-454.00,516.00-518.00	0.098	alta
perquè	pa-003	9	202.32-206.28,227.80-234.96,234.96-241.44,265.16-270.48,276.44-280.44,312.08-317.84,333.20-339.52,452.64-458.40	0.047	alta
perquè	pa-004	6	464.84-470.64,598.48-601.84,662.52-666.04,692.36-696.20,723.72-728.72,742.00-745.68	0.038	alta
perquè	pa-006	6	111.00-117.00,204.00-209.00,229.00-235.00,325.00-328.00,380.00-383.00,502.00-507.00	0.187	alta
perquè	pa-007	6	102.00-107.00,330.00-335.00,403.00-409.00,449.00-455.00,624.00-627.00,671.00-676.00	0.240	alta
perquè	pa-008	21	56.00-59.00,89.00-91.00,100.00-103.00,216.00-219.00,466.00-470.00,531.00-536.00,598.00-600.00,744.00-748.00	0.056	alta
perquè	pa-009	7	350.00-356.00,495.00-502.00,643.00-645.00,689.00-691.00,812.00-815.00,920.00-923.00,983.00-985.00	0.101	alta
perquè	pa-010	15	197.40-200.80,325.60-330.80,346.80-350.20,364.00-369.00,515.00-523.00,565.00-571.00,633.00-637.00,709.00-713.00	0.032	alta
perquè	pa-011	8	28.36-30.80,79.96-82.88,201.92-204.64,253.36-256.08,389.20-391.60,424.16-428.48,506.72-510.24,528.80-532.80	0.090	alta
perquè	pa-012	2	370.00-374.00,588.00-591.00	0.398	alta
perquè	pa-013	3	434.64-441.28,458.48-466.96,918.56-935.28	0.144	alta
perquè	pa-014	11	106.60-115.00,166.40-180.80,187.80-195.20,282.80-291.00,439.20-454.20,542.20-553.20,563.20-574.20,749.20-757.20	0.085	alta
perquè	pa-015	2	87.00-92.00,302.00-304.00	0.369	alta
perquè	pa-016	18	80.52-84.64,133.52-139.24,143.40-148.28,206.56-214.80,248.36-254.92,300.64-307.56,319.28-323.28,391.08-394.36	0.050	alta
perquè	pa-017	23	5.00-11.40,26.80-33.60,153.00-161.00,161.00-173.00,187.00-195.00,209.00-214.00,223.00-228.00,267.00-271.00	0.033	alta
perquè	pa-018	48	91.84-95.72,99.36-102.80,171.64-173.36,194.72-198.84,204.64-209.04,209.12-211.32,223.16-228.64,282.44-285.48	0.038	alta
perquè	pa-019	15	102.00-105.00,188.00-190.00,203.00-205.00,231.00-234.00,258.00-262.00,280.00-285.00,301.00-304.00,421.00-423.00	0.134	alta
perquè	pa-020	21	10.16-12.16,248.12-251.28,297.44-299.64,311.12-313.48,387.52-389.92,421.16-424.96,450.12-454.64,489.28-493.16	0.012	alta
perquè	pa-021	20	16.20-18.92,37.88-41.16,41.24-45.04,67.72-70.32,155.72-159.16,163.80-167.48,283.60-288.96,351.76-356.72	0.035	alta
perquè	pa-022	16	112.44-114.92,150.76-154.16,154.24-156.24,185.92-188.88,205.64-210.40,221.08-224.00,224.08-226.48,239.36-244.40	0.040	alta
perquè	pa-023	11	29.84-34.04,116.16-118.88,276.24-278.28,301.68-306.36,341.04-344.48,394.48-397.00,422.32-425.20,504.88-508.16	0.061	alta
perquè	pa-024	24	226.28-229.60,340.64-344.00,564.40-569.20,702.84-704.84,747.48-753.48,819.28-823.16,886.04-888.68,970.52-979.44	0.006	alta
perquè	pa-025	39	37.92-39.68,194.48-200.84,217.40-223.00,359.48-362.60,394.56-398.56,398.64-405.00,419.92-428.92,510.20-516.64	0.032	alta
perquè	pa-026	33	151.28-155.92,248.84-252.48,256.56-260.20,288.28-291.20,291.28-294.88,357.60-361.08,406.48-408.60,411.76-415.60	0.056	alta
perquè	pa-027	16	9.56-13.64,66.04-68.04,71.08-74.68,88.44-92.36,181.00-186.28,239.72-245.48,247.56-252.44,280.52-286.76	0.050	alta
perquè	pa-028	7	143.64-147.24,179.24-183.16,276.64-279.24,291.08-294.40,320.68-323.40,340.92-345.84,378.04-382.44	0.047	alta
perquè	pa-029	21	250.44-253.68,283.32-285.76,409.04-413.16,430.80-435.36,463.76-467.32,485.48-489.44,513.24-515.16,551.12-553.44	0.033	alta
perquè	pa-030	25	32.64-35.64,172.92-176.56,207.76-210.72,253.08-255.36,347.20-352.24,385.60-388.72,406.56-408.56,501.60-504.40	0.022	alta
perquè	pa-031	16	33.44-36.72,107.72-112.40,133.56-139.44,151.88-155.24,170.40-175.12,204.92-208.44,270.04-272.04,292.56-295.04	0.060	alta
perquè	pa-032	4	9.96-14.32,288.00-290.88,308.80-311.60,351.20-357.32	0.042	alta
perquè	pa-033	4	19.64-22.68,55.24-56.92,133.52-136.36,197.84-201.44	0.078	alta
perquè	pa-034	31	52.60-55.72,94.80-99.64,106.12-108.72,257.92-259.92,281.68-284.60,372.64-376.92,382.76-387.92,395.04-398.72	0.025	alta
perquè	pa-035	7	181.88-185.60,344.24-347.04,424.56-433.60,644.24-649.76,719.68-724.44,813.52-815.44,924.84-929.40	0.026	alta
perquè	pa-036	21	16.40-20.00,106.40-109.40,124.40-131.80,148.40-153.80,175.80-179.60,235.00-243.00,243.00-250.00,250.00-257.60	0.099	alta
perquè	pa-037	7	187.04-198.16,246.32-254.40,265.00-274.00,285.56-290.96,387.08-397.16,414.76-425.36,449.00-460.92	0.012	alta
perquè	pa-038	16	279.88-282.76,330.20-337.84,370.00-375.40,426.84-434.60,452.40-456.16,472.36-476.80,692.28-697.88,1042.76-1046.24	0.019	alta
perquè	pa-039	13	18.84-20.56,36.68-40.12,73.44-76.40,222.20-227.16,234.40-238.20,252.92-256.16,278.68-282.88,299.16-303.44	0.034	alta
perquè	pa-040	5	25.96-29.32,75.12-78.48,133.08-135.72,167.20-169.16,199.68-204.16	0.040	alta
perquè	pa-041	18	70.00-76.00,87.00-91.00,91.00-103.00,137.00-142.00,173.00-180.00,197.00-201.00,237.00-242.00,278.00-285.00	0.031	alta
perquè	pa-042	4	29.88-32.68,205.88-208.56,333.84-338.44,341.20-346.16	0.088	alta
perquè	pa-045	16	176.08-182.88,270.24-275.40,280.12-283.68,319.64-322.24,341.68-345.16,564.32-566.68,648.20-651.28,656.80-659.64	0.027	alta
perquè	pa-046	18	141.60-146.04,173.28-176.96,185.76-188.36,222.60-227.12,253.44-256.68,282.00-285.20,314.24-317.24,449.24-452.60	0.011	alta
perquè	pa-048	24	187.68-190.44,243.32-246.08,298.80-303.56,354.64-359.60,427.04-432.76,436.52-440.52,440.60-448.08,464.40-467.24	0.027	alta
perquè	pa-049	36	69.60-74.96,171.80-177.52,238.92-245.60,275.08-281.56,293.00-299.04,350.12-359.04,359.04-365.96,399.80-404.36	0.024	alta
perquè	pa-051	5	124.60-127.60,132.84-134.84,195.88-199.40,254.52-258.56,260.88-263.76	0.071	alta
perquè	pa-052	2	93.40-95.72,98.24-100.40	0.056	alta
perquè	pa-053	2	114.68-120.04,188.60-189.92	0.103	alta
perquè	pa-054	3	81.20-84.68,176.24-178.60,227.88-231.80	0.097	alta
perquè	pa-055	32	149.28-152.36,248.76-252.44,257.52-260.32,292.00-294.84,357.24-359.24,406.88-408.88,409.88-413.88,429.16-432.76	0.014	alta
perquè	pa-056	27	32.48-34.32,172.60-176.20,209.24-211.24,252.72-255.08,347.80-352.28,385.40-388.60,404.64-408.56,501.40-503.88	0.016	alta
perquè	pa-057	18	250.20-253.36,283.04-285.80,409.64-415.40,430.64-435.28,463.48-468.28,485.28-489.28,508.56-515.12,547.00-553.12	0.035	alta
perquè	pa-058	49	91.84-95.72,100.44-102.84,171.52-173.52,194.60-196.88,204.60-209.00,209.08-211.28,222.92-228.60,282.20-285.36	0.025	alta
perquè	pa-059	23	4.84-11.68,27.04-31.24,152.88-161.28,161.28-165.92,189.92-195.40,209.32-214.24,223.00-227.96,266.88-270.40	0.040	alta
perquè	pa-060	10	29.80-34.00,116.16-118.92,276.24-278.24,301.84-309.16,341.12-344.52,424.08-429.72,504.80-508.04,516.28-518.76	0.047	alta
perquè	pa-061	24	117.92-123.00,258.16-260.84,286.96-288.96,359.32-362.32,366.24-369.96,377.44-381.44,478.92-481.88,507.12-511.76	0.042	alta
perquè	pa-062	31	74.72-77.44,145.44-148.12,177.12-179.36,181.84-184.80,252.24-255.20,255.28-261.16,413.80-417.48,421.64-424.60	0.018	alta
perquè	pa-063	51	143.36-146.04,215.80-219.48,301.20-303.44,309.76-314.52,333.92-337.04,339.48-343.20,345.92-348.00,367.16-369.36	0.004	alta
perquè	pa-064	20	28.32-32.52,127.72-133.40,147.20-152.92,255.12-259.28,266.44-272.76,324.36-329.00,493.12-495.92,505.32-508.80	0.008	alta
perquè	pa-065	34	129.92-133.76,149.20-151.64,169.08-171.36,196.68-198.48,410.92-414.80,432.80-438.28,522.72-526.04,548.60-553.12	0.037	alta
perquè	pa-066	5	22.56-25.96,32.84-40.16,48.96-52.96,186.26-188.26,291.58-294.58	0.056	alta
a nivell	pa-001	3	136.12-138.28,481.08-484.68,514.92-518.44	0.044	alta
a nivell	pa-002	2	715.00-724.00,724.00-728.00	0.237	alta
a nivell	pa-003	1	180.92-188.04	0.171	alta
a nivell	pa-016	4	334.56-339.64,462.28-466.52,705.96-712.12,754.08-761.84	0.071	alta
a nivell	pa-017	9	144.00-149.00,352.00-357.00,368.00-376.00,416.00-422.00,472.00-478.00,604.00-612.00,612.00-619.00,724.00-732.00	0.169	alta
a nivell	pa-018	13	189.20-191.12,238.64-242.12,250.32-254.88,384.36-388.16,394.64-398.64,447.24-451.44,804.68-808.68,870.96-877.60	0.044	alta
a nivell	pa-019	3	123.00-127.00,683.00-686.00,779.00-781.00	0.211	alta
a nivell	pa-020	2	410.12-413.68,462.88-466.96	0.098	alta
a nivell	pa-023	3	419.32-422.24,468.12-474.48,483.88-487.68	0.043	alta
a nivell	pa-024	1	1548.68-1552.16	0.056	alta
a nivell	pa-026	3	39.00-41.00,762.68-764.68,1871.24-1875.72	0.071	alta
a nivell	pa-029	3	417.84-420.72,1046.40-1051.72,1051.80-1055.20	0.072	alta
a nivell	pa-033	1	7.36-10.04	0.138	alta
a nivell	pa-034	8	144.56-148.16,148.24-151.88,154.32-157.48,157.56-160.36,418.64-420.64,450.84-455.44,500.76-503.08,661.48-663.52	0.039	alta
a nivell	pa-036	1	387.20-395.20	0.239	alta
a nivell	pa-038	2	456.24-459.40,1402.08-1404.16	0.061	alta
a nivell	pa-045	1	625.60-628.32	0.070	alta
a nivell	pa-048	2	436.52-440.52,1304.84-1308.08	0.070	alta
a nivell	pa-049	1	1397.00-1400.00	0.570	normal
a nivell	pa-055	3	38.84-43.32,760.80-763.88,1870.80-1875.80	0.075	alta
a nivell	pa-057	4	417.88-420.76,446.48-457.48,1051.80-1055.12,1055.20-1056.84	0.094	alta
a nivell	pa-058	13	189.12-191.12,238.56-242.08,250.20-254.80,384.36-388.16,394.64-398.60,448.80-453.36,804.64-806.64,870.96-874.76	0.050	alta
a nivell	pa-059	9	143.68-149.60,354.56-357.00,371.48-375.88,416.44-419.08,476.04-478.48,609.24-614.24,614.24-619.24,730.76-732.04	0.045	alta
a nivell	pa-060	4	202.68-207.88,419.24-424.00,468.04-474.44,482.04-486.56	0.096	alta
a nivell	pa-061	1	1357.96-1359.96	0.110	alta
a nivell	pa-063	2	1144.36-1147.32,1153.80-1158.72	0.116	alta
a nivell	pa-065	2	529.84-536.00,536.08-539.40	0.037	alta
a nivell	pa-066	1	25.96-28.96	0.219	alta
tirar endavant	pa-003	2	362.68-365.88,511.92-515.64	0.040	alta
tirar endavant	pa-017	2	50.60-55.40,233.00-246.00	0.254	alta
tirar endavant	pa-020	5	34.20-36.20,155.32-158.20,444.84-448.20,874.84-878.08,1277.52-1282.12	0.048	alta
tirar endavant	pa-029	1	57.48-62.48	0.064	alta
tirar endavant	pa-030	1	186.36-191.40	0.133	alta
tirar endavant	pa-031	1	146.84-149.56	0.128	alta
tirar endavant	pa-033	1	136.44-140.76	0.255	alta
tirar endavant	pa-034	1	691.08-694.92	0.082	alta
tirar endavant	pa-041	2	103.00-106.00,393.00-399.00	0.081	alta
tirar endavant	pa-056	1	186.28-188.44	0.040	alta
tirar endavant	pa-057	1	57.36-62.40	0.130	alta
tirar endavant	pa-059	2	50.52-54.12,242.52-246.48	0.137	alta
ensenyança	pa-003	1	280.44-285.48	0.114	alta
ensenyança	pa-041	1	524.00-531.00	0.441	alta
reformeta	pa-002	4	13.00-17.00,53.00-56.00,85.00-88.00,217.00-219.00	0.243	alta
reformeta	pa-022	1	126.28-129.92	0.153	alta
reformeta	pa-025	1	1086.28-1090.76	0.083	alta
reformeta	pa-026	1	139.36-144.92	0.100	alta
reformeta	pa-034	1	192.08-197.84	0.109	alta
reformeta	pa-038	1	1822.44-1827.32	0.032	alta
reformeta	pa-055	1	139.80-145.08	0.058	alta
